date,ticker,close
2022-01-03,AAPL,182.01
2022-01-04,AAPL,179.7
2022-01-05,AAPL,174.92
2022-01-06,AAPL,172
2022-01-07,AAPL,172.17
2022-01-10,AAPL,172.19
2022-01-11,AAPL,175.08
2022-01-12,AAPL,175.53
2022-01-13,AAPL,172.19
2022-01-14,AAPL,173.07
2022-01-18,AAPL,169.8
2022-01-19,AAPL,166.23
2022-01-20,AAPL,164.51
2022-01-21,AAPL,162.41
2022-01-24,AAPL,161.62
2022-01-25,AAPL,159.78
2022-01-26,AAPL,159.69
2022-01-27,AAPL,159.22
2022-01-28,AAPL,170.33
2022-01-31,AAPL,174.78
2022-02-01,AAPL,174.61
2022-02-02,AAPL,175.84
2022-02-03,AAPL,172.9
2022-02-04,AAPL,172.39
2022-02-07,AAPL,171.66
2022-02-08,AAPL,174.83
2022-02-09,AAPL,176.28
2022-02-10,AAPL,172.12
2022-02-11,AAPL,168.64
2022-02-14,AAPL,168.88
2022-02-15,AAPL,172.79
2022-02-16,AAPL,172.55
2022-02-17,AAPL,168.88
2022-02-18,AAPL,167.3
2022-02-22,AAPL,164.32
2022-02-23,AAPL,160.07
2022-02-24,AAPL,162.74
2022-02-25,AAPL,164.85
2022-02-28,AAPL,165.12
2022-03-01,AAPL,163.2
2022-03-02,AAPL,166.56
2022-03-03,AAPL,166.23
2022-03-04,AAPL,163.17
2022-03-07,AAPL,159.3
2022-03-08,AAPL,157.44
2022-03-09,AAPL,162.95
2022-03-10,AAPL,158.52
2022-03-11,AAPL,154.73
2022-03-14,AAPL,150.62
2022-03-15,AAPL,155.09
2022-03-16,AAPL,159.59
2022-03-17,AAPL,160.62
2022-03-18,AAPL,163.98
2022-03-21,AAPL,165.38
2022-03-22,AAPL,168.82
2022-03-23,AAPL,170.21
2022-03-24,AAPL,174.07
2022-03-25,AAPL,174.72
2022-03-28,AAPL,175.6
2022-03-29,AAPL,178.96
2022-03-30,AAPL,177.77
2022-03-31,AAPL,174.61
2022-04-01,AAPL,174.31
2022-04-04,AAPL,178.44
2022-04-05,AAPL,175.06
2022-04-06,AAPL,171.83
2022-04-07,AAPL,172.14
2022-04-08,AAPL,170.09
2022-04-11,AAPL,165.75
2022-04-12,AAPL,167.66
2022-04-13,AAPL,170.4
2022-04-14,AAPL,165.29
2022-04-18,AAPL,165.07
2022-04-19,AAPL,167.4
2022-04-20,AAPL,167.23
2022-04-21,AAPL,166.42
2022-04-22,AAPL,161.79
2022-04-25,AAPL,162.88
2022-04-26,AAPL,156.8
2022-04-27,AAPL,156.57
2022-04-28,AAPL,163.64
2022-04-29,AAPL,157.65
2022-05-02,AAPL,157.96
2022-05-03,AAPL,159.48
2022-05-04,AAPL,166.02
2022-05-05,AAPL,156.77
2022-05-06,AAPL,157.28
2022-05-09,AAPL,152.06
2022-05-10,AAPL,154.51
2022-05-11,AAPL,146.5
2022-05-12,AAPL,142.56
2022-05-13,AAPL,147.11
2022-05-16,AAPL,145.54
2022-05-17,AAPL,149.24
2022-05-18,AAPL,140.82
2022-05-19,AAPL,137.35
2022-05-20,AAPL,137.59
2022-05-23,AAPL,143.11
2022-05-24,AAPL,140.36
2022-05-25,AAPL,140.52
2022-05-26,AAPL,143.78
2022-05-27,AAPL,149.64
2022-05-31,AAPL,148.84
2022-06-01,AAPL,148.71
2022-06-02,AAPL,151.21
2022-06-03,AAPL,145.38
2022-06-06,AAPL,146.14
2022-06-07,AAPL,148.71
2022-06-08,AAPL,147.96
2022-06-09,AAPL,142.64
2022-06-10,AAPL,137.13
2022-06-13,AAPL,131.88
2022-06-14,AAPL,132.76
2022-06-15,AAPL,135.43
2022-06-16,AAPL,130.06
2022-06-17,AAPL,131.56
2022-06-21,AAPL,135.87
2022-06-22,AAPL,135.35
2022-06-23,AAPL,138.27
2022-06-24,AAPL,141.66
2022-06-27,AAPL,141.66
2022-06-28,AAPL,137.44
2022-06-29,AAPL,139.23
2022-06-30,AAPL,136.72
2022-07-01,AAPL,138.93
2022-07-05,AAPL,141.56
2022-07-06,AAPL,142.92
2022-07-07,AAPL,146.35
2022-07-08,AAPL,147.04
2022-07-11,AAPL,144.87
2022-07-12,AAPL,145.86
2022-07-13,AAPL,145.49
2022-07-14,AAPL,148.47
2022-07-15,AAPL,150.17
2022-07-18,AAPL,147.07
2022-07-19,AAPL,151
2022-07-20,AAPL,153.04
2022-07-21,AAPL,155.35
2022-07-22,AAPL,154.09
2022-07-25,AAPL,152.95
2022-07-26,AAPL,151.6
2022-07-27,AAPL,156.79
2022-07-28,AAPL,157.35
2022-07-29,AAPL,162.51
2022-08-01,AAPL,161.51
2022-08-02,AAPL,160.01
2022-08-03,AAPL,166.13
2022-08-04,AAPL,165.81
2022-08-05,AAPL,165.35
2022-08-08,AAPL,164.87
2022-08-09,AAPL,164.92
2022-08-10,AAPL,169.24
2022-08-11,AAPL,168.49
2022-08-12,AAPL,172.1
2022-08-15,AAPL,173.19
2022-08-16,AAPL,173.03
2022-08-17,AAPL,174.55
2022-08-18,AAPL,174.15
2022-08-19,AAPL,171.52
2022-08-22,AAPL,167.57
2022-08-23,AAPL,167.23
2022-08-24,AAPL,167.53
2022-08-25,AAPL,170.03
2022-08-26,AAPL,163.62
2022-08-29,AAPL,161.38
2022-08-30,AAPL,158.91
2022-08-31,AAPL,157.22
2022-09-01,AAPL,157.96
2022-09-02,AAPL,155.81
2022-09-06,AAPL,154.53
2022-09-07,AAPL,155.96
2022-09-08,AAPL,154.46
2022-09-09,AAPL,157.37
2022-09-12,AAPL,163.43
2022-09-13,AAPL,153.84
2022-09-14,AAPL,155.31
2022-09-15,AAPL,152.37
2022-09-16,AAPL,150.7
2022-09-19,AAPL,154.48
2022-09-20,AAPL,156.9
2022-09-21,AAPL,153.72
2022-09-22,AAPL,152.74
2022-09-23,AAPL,150.43
2022-09-26,AAPL,150.77
2022-09-27,AAPL,151.76
2022-09-28,AAPL,149.84
2022-09-29,AAPL,142.48
2022-09-30,AAPL,138.2
2022-10-03,AAPL,142.45
2022-10-04,AAPL,146.1
2022-10-05,AAPL,146.4
2022-10-06,AAPL,145.43
2022-10-07,AAPL,140.09
2022-10-10,AAPL,140.42
2022-10-11,AAPL,138.98
2022-10-12,AAPL,138.34
2022-10-13,AAPL,142.99
2022-10-14,AAPL,138.38
2022-10-17,AAPL,142.41
2022-10-18,AAPL,143.75
2022-10-19,AAPL,143.86
2022-10-20,AAPL,143.39
2022-10-21,AAPL,147.27
2022-10-24,AAPL,149.45
2022-10-25,AAPL,152.34
2022-10-26,AAPL,149.35
2022-10-27,AAPL,144.8
2022-10-28,AAPL,155.74
2022-10-31,AAPL,153.34
2022-11-01,AAPL,150.65
2022-11-02,AAPL,145.03
2022-11-03,AAPL,138.88
2022-11-04,AAPL,138.38
2022-11-07,AAPL,138.92
2022-11-08,AAPL,139.5
2022-11-09,AAPL,134.87
2022-11-10,AAPL,146.87
2022-11-11,AAPL,149.7
2022-11-14,AAPL,148.28
2022-11-15,AAPL,150.04
2022-11-16,AAPL,148.79
2022-11-17,AAPL,150.72
2022-11-18,AAPL,151.29
2022-11-21,AAPL,148.01
2022-11-22,AAPL,150.18
2022-11-23,AAPL,151.07
2022-11-25,AAPL,148.11
2022-11-28,AAPL,144.22
2022-11-29,AAPL,141.17
2022-11-30,AAPL,148.03
2022-12-01,AAPL,148.31
2022-12-02,AAPL,147.81
2022-12-05,AAPL,146.63
2022-12-06,AAPL,142.91
2022-12-07,AAPL,140.94
2022-12-08,AAPL,142.65
2022-12-09,AAPL,142.16
2022-12-12,AAPL,144.49
2022-12-13,AAPL,145.47
2022-12-14,AAPL,143.21
2022-12-15,AAPL,136.5
2022-12-16,AAPL,134.51
2022-12-19,AAPL,132.37
2022-12-20,AAPL,132.3
2022-12-21,AAPL,135.45
2022-12-22,AAPL,132.23
2022-12-23,AAPL,131.86
2022-12-27,AAPL,130.03
2022-12-28,AAPL,126.04
2022-12-29,AAPL,129.61
2022-12-30,AAPL,129.93
2023-01-03,AAPL,125.07
2023-01-04,AAPL,126.36
2023-01-05,AAPL,125.02
2023-01-06,AAPL,129.62
2023-01-09,AAPL,130.15
2023-01-10,AAPL,130.73
2023-01-11,AAPL,133.49
2023-01-12,AAPL,133.41
2023-01-13,AAPL,134.76
2023-01-17,AAPL,135.94
2023-01-18,AAPL,135.21
2023-01-19,AAPL,135.27
2023-01-20,AAPL,137.87
2023-01-23,AAPL,141.11
2023-01-24,AAPL,142.53
2023-01-25,AAPL,141.86
2023-01-26,AAPL,143.96
2023-01-27,AAPL,145.93
2023-01-30,AAPL,143
2023-01-31,AAPL,144.29
2023-02-01,AAPL,145.43
2023-02-02,AAPL,150.82
2023-02-03,AAPL,154.5
2023-02-06,AAPL,151.73
2023-02-07,AAPL,154.65
2023-02-08,AAPL,151.92
2023-02-09,AAPL,150.87
2023-02-10,AAPL,151.01
2023-02-13,AAPL,153.85
2023-02-14,AAPL,153.2
2023-02-15,AAPL,155.33
2023-02-16,AAPL,153.71
2023-02-17,AAPL,152.55
2023-02-21,AAPL,148.48
2023-02-22,AAPL,148.91
2023-02-23,AAPL,149.4
2023-02-24,AAPL,146.71
2023-02-27,AAPL,147.92
2023-02-28,AAPL,147.41
2023-03-01,AAPL,145.31
2023-03-02,AAPL,145.91
2023-03-03,AAPL,151.03
2023-03-06,AAPL,153.83
2023-03-07,AAPL,151.6
2023-03-08,AAPL,152.87
2023-03-09,AAPL,150.59
2023-03-10,AAPL,148.5
2023-03-13,AAPL,150.47
2023-03-14,AAPL,152.59
2023-03-15,AAPL,152.99
2023-03-16,AAPL,155.85
2023-03-17,AAPL,155
2023-03-20,AAPL,157.4
2023-03-21,AAPL,159.28
2023-03-22,AAPL,157.83
2023-03-23,AAPL,158.93
2023-03-24,AAPL,160.25
2023-03-27,AAPL,158.28
2023-03-28,AAPL,157.65
2023-03-29,AAPL,160.77
2023-03-30,AAPL,162.36
2023-03-31,AAPL,164.9
2023-04-03,AAPL,166.17
2023-04-04,AAPL,165.63
2023-04-05,AAPL,163.76
2023-04-06,AAPL,164.66
2023-04-10,AAPL,162.03
2023-04-11,AAPL,160.8
2023-04-12,AAPL,160.1
2023-04-13,AAPL,165.56
2023-04-14,AAPL,165.21
2023-04-17,AAPL,165.23
2023-04-18,AAPL,166.47
2023-04-19,AAPL,167.63
2023-04-20,AAPL,166.65
2023-04-21,AAPL,165.02
2023-04-24,AAPL,165.33
2023-04-25,AAPL,163.77
2023-04-26,AAPL,163.76
2023-04-27,AAPL,168.41
2023-04-28,AAPL,169.68
2023-05-01,AAPL,169.59
2023-05-02,AAPL,168.54
2023-05-03,AAPL,167.45
2023-05-04,AAPL,165.79
2023-05-05,AAPL,173.57
2023-05-08,AAPL,173.5
2023-05-09,AAPL,171.77
2023-05-10,AAPL,173.56
2023-05-11,AAPL,173.75
2023-05-12,AAPL,172.57
2023-05-15,AAPL,172.07
2023-05-16,AAPL,172.07
2023-05-17,AAPL,172.69
2023-05-18,AAPL,175.05
2023-05-19,AAPL,175.16
2023-05-22,AAPL,174.2
2023-05-23,AAPL,171.56
2023-05-24,AAPL,171.84
2023-05-25,AAPL,172.99
2023-05-26,AAPL,175.43
2023-05-30,AAPL,177.3
2023-05-31,AAPL,177.25
2023-06-01,AAPL,180.09
2023-06-02,AAPL,180.95
2023-06-05,AAPL,179.58
2023-06-06,AAPL,179.21
2023-06-07,AAPL,177.82
2023-06-08,AAPL,180.57
2023-06-09,AAPL,180.96
2023-06-12,AAPL,183.79
2023-06-13,AAPL,183.31
2023-06-14,AAPL,183.95
2023-06-15,AAPL,186.01
2023-06-16,AAPL,184.92
2023-06-20,AAPL,185.01
2023-06-21,AAPL,183.96
2023-06-22,AAPL,187
2023-06-23,AAPL,186.68
2023-06-26,AAPL,185.27
2023-06-27,AAPL,188.06
2023-06-28,AAPL,189.25
2023-06-29,AAPL,189.59
2023-06-30,AAPL,193.97
2023-07-03,AAPL,192.46
2023-07-05,AAPL,191.33
2023-07-06,AAPL,191.81
2023-07-07,AAPL,190.68
2023-07-10,AAPL,188.61
2023-07-11,AAPL,188.08
2023-07-12,AAPL,189.77
2023-07-13,AAPL,190.54
2023-07-14,AAPL,190.69
2023-07-17,AAPL,193.99
2023-07-18,AAPL,193.73
2023-07-19,AAPL,195.1
2023-07-20,AAPL,193.13
2023-07-21,AAPL,191.94
2023-07-24,AAPL,192.75
2023-07-25,AAPL,193.62
2023-07-26,AAPL,194.5
2023-07-27,AAPL,193.22
2023-07-28,AAPL,195.83
2023-07-31,AAPL,196.45
2023-08-01,AAPL,195.61
2023-08-02,AAPL,192.58
2023-08-03,AAPL,191.17
2023-08-04,AAPL,181.99
2023-08-07,AAPL,178.85
2023-08-08,AAPL,179.8
2023-08-09,AAPL,178.19
2023-08-10,AAPL,177.97
2023-08-11,AAPL,177.79
2023-08-14,AAPL,179.46
2023-08-15,AAPL,177.45
2023-08-16,AAPL,176.57
2023-08-17,AAPL,174
2023-08-18,AAPL,174.49
2023-08-21,AAPL,175.84
2023-08-22,AAPL,177.23
2023-08-23,AAPL,181.12
2023-08-24,AAPL,176.38
2023-08-25,AAPL,178.61
2023-08-28,AAPL,180.19
2023-08-29,AAPL,184.12
2023-08-30,AAPL,187.65
2023-08-31,AAPL,187.87
2023-09-01,AAPL,189.46
2023-09-05,AAPL,189.7
2023-09-06,AAPL,182.91
2023-09-07,AAPL,177.56
2023-09-08,AAPL,178.18
2023-09-11,AAPL,179.36
2023-09-12,AAPL,176.3
2023-09-13,AAPL,174.21
2023-09-14,AAPL,175.74
2023-09-15,AAPL,175.01
2023-09-18,AAPL,177.97
2023-09-19,AAPL,179.07
2023-09-20,AAPL,175.49
2023-09-21,AAPL,173.93
2023-09-22,AAPL,174.79
2023-09-25,AAPL,176.08
2023-09-26,AAPL,171.96
2023-09-27,AAPL,170.43
2023-09-28,AAPL,170.69
2023-09-29,AAPL,171.21
2023-10-02,AAPL,173.75
2023-10-03,AAPL,172.4
2023-10-04,AAPL,173.66
2023-10-05,AAPL,174.91
2023-10-06,AAPL,177.49
2023-10-09,AAPL,178.99
2023-10-10,AAPL,178.39
2023-10-11,AAPL,179.8
2023-10-12,AAPL,180.71
2023-10-13,AAPL,178.85
2023-10-16,AAPL,178.72
2023-10-17,AAPL,177.15
2023-10-18,AAPL,175.84
2023-10-19,AAPL,175.46
2023-10-20,AAPL,172.88
2023-10-23,AAPL,173
2023-10-24,AAPL,173.44
2023-10-25,AAPL,171.1
2023-10-26,AAPL,166.89
2023-10-27,AAPL,168.22
2023-10-30,AAPL,170.29
2023-10-31,AAPL,170.77
2023-11-01,AAPL,173.97
2023-11-02,AAPL,177.57
2023-11-03,AAPL,176.65
2023-11-06,AAPL,179.23
2023-11-07,AAPL,181.82
2023-11-08,AAPL,182.89
2023-11-09,AAPL,182.41
2023-11-10,AAPL,186.4
2023-11-13,AAPL,184.8
2023-11-14,AAPL,187.44
2023-11-15,AAPL,188.01
2023-11-16,AAPL,189.71
2023-11-17,AAPL,189.69
2023-11-20,AAPL,191.45
2023-11-21,AAPL,190.64
2023-11-22,AAPL,191.31
2023-11-24,AAPL,189.97
2023-11-27,AAPL,189.79
2023-11-28,AAPL,190.4
2023-11-29,AAPL,189.37
2023-11-30,AAPL,189.95
2023-12-01,AAPL,191.24
2023-12-04,AAPL,189.43
2023-12-05,AAPL,193.42
2023-12-06,AAPL,192.32
2023-12-07,AAPL,194.27
2023-12-08,AAPL,195.71
2023-12-11,AAPL,193.18
2023-12-12,AAPL,194.71
2023-12-13,AAPL,197.96
2023-12-14,AAPL,198.11
2023-12-15,AAPL,197.57
2023-12-18,AAPL,195.89
2023-12-19,AAPL,196.94
2023-12-20,AAPL,194.83
2023-12-21,AAPL,194.68
2023-12-22,AAPL,193.6
2023-12-26,AAPL,193.05
2023-12-27,AAPL,193.15
2023-12-28,AAPL,193.58
2023-12-29,AAPL,192.53
2024-01-02,AAPL,185.64
2024-01-03,AAPL,184.25
2024-01-04,AAPL,181.91
2024-01-05,AAPL,181.18
2024-01-08,AAPL,185.56
2024-01-09,AAPL,185.14
2024-01-10,AAPL,186.19
2024-01-11,AAPL,185.59
2024-01-12,AAPL,185.92
2024-01-16,AAPL,183.63
2024-01-17,AAPL,182.68
2024-01-18,AAPL,188.63
2024-01-19,AAPL,191.56
2024-01-22,AAPL,193.89
2024-01-23,AAPL,195.18
2024-01-24,AAPL,194.5
2024-01-25,AAPL,194.17
2024-01-26,AAPL,192.42
2024-01-29,AAPL,191.73
2024-01-30,AAPL,188.04
2024-01-31,AAPL,184.4
2024-02-01,AAPL,186.86
2024-02-02,AAPL,185.85
2024-02-05,AAPL,187.68
2024-02-06,AAPL,189.3
2024-02-07,AAPL,189.41
2024-02-08,AAPL,188.32
2024-02-09,AAPL,188.85
2024-02-12,AAPL,187.15
2024-02-13,AAPL,185.04
2024-02-14,AAPL,184.15
2024-02-15,AAPL,183.86
2024-02-16,AAPL,182.31
2024-02-20,AAPL,181.56
2024-02-21,AAPL,182.32
2024-02-22,AAPL,184.37
2024-02-23,AAPL,182.52
2024-02-26,AAPL,181.16
2024-02-27,AAPL,182.63
2024-02-28,AAPL,181.42
2024-02-29,AAPL,180.75
2024-03-01,AAPL,179.66
2024-03-04,AAPL,175.1
2024-03-05,AAPL,170.12
2024-03-06,AAPL,169.12
2024-03-07,AAPL,169
2024-03-08,AAPL,170.73
2024-03-11,AAPL,172.75
2024-03-12,AAPL,173.23
2024-03-13,AAPL,171.13
2024-03-14,AAPL,173
2024-03-15,AAPL,172.62
2024-03-18,AAPL,173.72
2024-03-19,AAPL,176.08
2024-03-20,AAPL,178.67
2024-03-21,AAPL,171.37
2024-03-22,AAPL,172.28
2024-03-25,AAPL,170.85
2024-03-26,AAPL,169.71
2024-03-27,AAPL,173.31
2024-03-28,AAPL,171.48
2024-04-01,AAPL,170.03
2024-04-02,AAPL,168.84
2024-04-03,AAPL,169.65
2024-04-04,AAPL,168.82
2024-04-05,AAPL,169.58
2024-04-08,AAPL,168.45
2024-04-09,AAPL,169.67
2024-04-10,AAPL,167.78
2024-04-11,AAPL,175.04
2024-04-12,AAPL,176.55
2024-04-15,AAPL,172.69
2024-04-16,AAPL,169.38
2024-04-17,AAPL,168
2024-04-18,AAPL,167.04
2024-04-19,AAPL,165
2024-04-22,AAPL,165.84
2024-04-23,AAPL,166.9
2024-04-24,AAPL,169.02
2024-04-25,AAPL,169.89
2024-04-26,AAPL,169.3
2024-04-29,AAPL,173.5
2024-04-30,AAPL,170.33
2024-05-01,AAPL,169.3
2024-05-02,AAPL,173.03
2024-05-03,AAPL,183.38
2024-05-06,AAPL,181.71
2024-05-07,AAPL,182.4
2024-05-08,AAPL,182.74
2024-05-09,AAPL,184.57
2024-05-10,AAPL,183.05
2024-05-13,AAPL,186.28
2024-05-14,AAPL,187.43
2024-05-15,AAPL,189.72
2024-05-16,AAPL,189.84
2024-05-17,AAPL,189.87
2024-05-20,AAPL,191.04
2024-05-21,AAPL,192.35
2024-05-22,AAPL,190.9
2024-05-23,AAPL,186.88
2024-05-24,AAPL,189.98
2024-05-28,AAPL,189.99
2024-05-29,AAPL,190.29
2024-05-30,AAPL,191.29
2024-05-31,AAPL,192.25
2024-06-03,AAPL,194.03
2024-06-04,AAPL,194.35
2024-06-05,AAPL,195.87
2024-06-06,AAPL,194.48
2024-06-07,AAPL,196.89
2024-06-10,AAPL,193.12
2024-06-11,AAPL,207.15
2024-06-12,AAPL,213.07
2024-06-13,AAPL,214.24
2024-06-14,AAPL,212.49
2024-06-17,AAPL,216.67
2024-06-18,AAPL,214.29
2024-06-20,AAPL,209.68
2024-06-21,AAPL,207.49
2024-06-24,AAPL,208.14
2024-06-25,AAPL,209.07
2024-06-26,AAPL,213.25
2024-06-27,AAPL,214.1
2024-06-28,AAPL,210.62
2024-07-01,AAPL,216.75
2024-07-02,AAPL,220.27
2024-07-03,AAPL,221.55
2024-07-05,AAPL,226.34
2024-07-08,AAPL,227.82
2024-07-09,AAPL,228.68
2024-07-10,AAPL,232.98
2024-07-11,AAPL,227.57
2024-07-12,AAPL,230.54
2024-07-15,AAPL,234.4
2024-07-16,AAPL,234.82
2024-07-17,AAPL,228.88
2024-07-18,AAPL,224.18
2024-07-19,AAPL,224.31
2024-07-22,AAPL,223.96
2024-07-23,AAPL,225.01
2024-07-24,AAPL,218.54
2024-07-25,AAPL,217.49
2024-07-26,AAPL,217.96
2024-07-29,AAPL,218.24
2024-07-30,AAPL,218.8
2024-07-31,AAPL,222.08
2024-08-01,AAPL,218.36
2024-08-02,AAPL,219.86
2024-08-05,AAPL,209.27
2024-08-06,AAPL,207.23
2024-08-07,AAPL,209.82
2024-08-08,AAPL,213.31
2024-08-09,AAPL,216.24
2024-08-12,AAPL,217.53
2024-08-13,AAPL,221.27
2024-08-14,AAPL,221.72
2024-08-15,AAPL,224.72
2024-08-16,AAPL,226.05
2024-08-19,AAPL,225.89
2024-08-20,AAPL,226.51
2024-08-21,AAPL,226.4
2024-08-22,AAPL,224.53
2024-08-23,AAPL,226.84
2024-08-26,AAPL,227.18
2024-08-27,AAPL,228.03
2024-08-28,AAPL,226.49
2024-08-29,AAPL,229.79
2024-08-30,AAPL,229
2024-09-03,AAPL,222.77
2024-09-04,AAPL,220.85
2024-09-05,AAPL,222.38
2024-09-06,AAPL,220.82
2024-09-09,AAPL,220.91
2024-09-10,AAPL,220.11
2024-09-11,AAPL,222.66
2024-09-12,AAPL,222.77
2024-09-13,AAPL,222.5
2024-09-16,AAPL,216.32
2024-09-17,AAPL,216.79
2024-09-18,AAPL,220.69
2024-09-19,AAPL,228.87
2024-09-20,AAPL,228.2
2024-09-23,AAPL,226.47
2024-09-24,AAPL,227.37
2024-09-25,AAPL,226.37
2024-09-26,AAPL,227.52
2024-09-27,AAPL,227.79
2024-09-30,AAPL,233
2024-10-01,AAPL,226.21
2024-10-02,AAPL,226.78
2024-10-03,AAPL,225.67
2024-10-04,AAPL,226.8
2024-10-07,AAPL,221.69
2024-10-08,AAPL,225.77
2024-10-09,AAPL,229.54
2024-10-10,AAPL,229.04
2024-10-11,AAPL,227.55
2024-10-14,AAPL,231.3
2024-10-15,AAPL,233.85
2024-10-16,AAPL,231.78
2024-10-17,AAPL,232.15
2024-10-18,AAPL,235
2024-10-21,AAPL,236.48
2024-10-22,AAPL,235.86
2024-10-23,AAPL,230.76
2024-10-24,AAPL,230.57
2024-10-25,AAPL,231.41
2024-10-28,AAPL,233.4
2024-10-29,AAPL,233.67
2024-10-30,AAPL,230.1
2024-10-31,AAPL,225.91
2024-11-01,AAPL,222.91
2024-11-04,AAPL,222.01
2024-11-05,AAPL,223.45
2024-11-06,AAPL,222.72
2024-11-07,AAPL,227.48
2024-11-08,AAPL,226.96
2024-11-11,AAPL,224.23
2024-11-12,AAPL,224.23
2024-11-13,AAPL,225.12
2024-11-14,AAPL,228.22
2024-11-15,AAPL,225
2024-11-18,AAPL,228.02
2024-11-19,AAPL,228.28
2024-11-20,AAPL,229
2024-11-21,AAPL,228.52
2024-11-22,AAPL,229.87
2024-11-25,AAPL,232.87
2024-11-26,AAPL,235.06
2024-11-27,AAPL,234.93
2024-11-29,AAPL,237.33
2024-12-02,AAPL,239.59
2024-12-03,AAPL,242.65
2024-12-04,AAPL,243.01
2024-12-05,AAPL,243.04
2024-12-06,AAPL,242.84
2024-12-09,AAPL,246.75
2024-12-10,AAPL,247.77
2024-12-11,AAPL,246.49
2024-12-12,AAPL,247.96
2024-12-13,AAPL,248.13
2024-12-16,AAPL,251.04
2024-12-17,AAPL,253.48
2024-12-18,AAPL,248.05
2024-12-19,AAPL,249.79
2024-12-20,AAPL,254.49
2024-12-23,AAPL,255.27
2024-12-24,AAPL,258.2
2024-12-26,AAPL,259.02
2024-12-27,AAPL,255.59
2024-12-30,AAPL,252.2
2024-12-31,AAPL,250.42
2025-01-02,AAPL,243.85
2025-01-03,AAPL,243.36
2025-01-06,AAPL,245
2025-01-07,AAPL,242.21
2025-01-08,AAPL,242.7
2025-01-10,AAPL,236.85
2025-01-13,AAPL,234.4
2025-01-14,AAPL,233.28
2025-01-15,AAPL,237.87
2025-01-16,AAPL,228.26
2025-01-17,AAPL,229.98
2025-01-21,AAPL,222.64
2025-01-22,AAPL,223.83
2025-01-23,AAPL,223.66
2025-01-24,AAPL,222.78
2025-01-27,AAPL,229.86
2025-01-28,AAPL,238.26
2025-01-29,AAPL,239.36
2025-01-30,AAPL,237.59
2025-01-31,AAPL,236
2025-02-03,AAPL,228.01
2025-02-04,AAPL,232.8
2025-02-05,AAPL,232.47
2025-02-06,AAPL,233.22
2025-02-07,AAPL,227.63
2025-02-10,AAPL,227.65
2025-02-11,AAPL,232.62
2025-02-12,AAPL,236.87
2025-02-13,AAPL,241.53
2025-02-14,AAPL,244.6
2025-02-18,AAPL,244.47
2025-02-19,AAPL,244.87
2025-02-20,AAPL,245.83
2025-02-21,AAPL,245.55
2025-02-24,AAPL,247.1
2025-02-25,AAPL,247.04
2025-02-26,AAPL,240.36
2025-02-27,AAPL,237.3
2025-02-28,AAPL,241.84
2025-03-03,AAPL,238.03
2025-03-04,AAPL,235.93
2025-03-05,AAPL,235.74
2025-03-06,AAPL,235.33
2025-03-07,AAPL,239.07
2025-03-10,AAPL,227.48
2025-03-11,AAPL,220.84
2025-03-12,AAPL,216.98
2025-03-13,AAPL,209.68
2025-03-14,AAPL,213.49
2025-03-17,AAPL,214
2025-03-18,AAPL,212.69
2025-03-19,AAPL,215.24
2025-03-20,AAPL,214.1
2025-03-21,AAPL,218.27
2025-03-24,AAPL,220.73
2025-03-25,AAPL,223.75
2025-03-26,AAPL,221.53
2025-03-27,AAPL,223.85
2025-03-28,AAPL,217.9
2025-03-31,AAPL,222.13
2025-04-01,AAPL,223.19
2025-04-02,AAPL,223.89
2025-04-03,AAPL,203.19
2025-04-04,AAPL,188.38
2025-04-07,AAPL,181.46
2025-04-08,AAPL,172.42
2025-04-09,AAPL,198.85
2025-04-10,AAPL,190.42
2025-04-11,AAPL,198.15
2025-04-14,AAPL,202.52
2025-04-15,AAPL,202.14
2025-04-16,AAPL,194.27
2025-04-17,AAPL,196.98
2025-04-21,AAPL,193.16
2025-04-22,AAPL,199.74
2025-04-23,AAPL,204.6
2025-04-24,AAPL,208.37
2025-04-25,AAPL,209.28
2025-04-28,AAPL,210.14
2025-04-29,AAPL,211.21
2025-04-30,AAPL,212.5
2025-05-01,AAPL,213.32
2025-05-02,AAPL,205.35
2025-05-05,AAPL,198.89
2025-05-06,AAPL,198.51
2025-05-07,AAPL,196.25
2025-05-08,AAPL,197.49
2025-05-09,AAPL,198.53
2025-05-12,AAPL,210.79
2025-05-13,AAPL,212.93
2025-05-14,AAPL,212.33
2025-05-15,AAPL,211.45
2025-05-16,AAPL,211.26
2025-05-19,AAPL,208.78
2025-05-20,AAPL,206.86
2025-05-21,AAPL,202.09
2025-05-22,AAPL,201.36
2025-05-23,AAPL,195.27
2025-05-27,AAPL,200.21
2025-05-28,AAPL,200.42
2025-05-29,AAPL,199.95
2025-05-30,AAPL,200.85
2025-06-02,AAPL,201.7
2025-06-03,AAPL,203.27
2025-06-04,AAPL,202.82
2025-06-05,AAPL,200.63
2025-06-06,AAPL,203.92
2025-06-09,AAPL,201.45
2025-06-10,AAPL,202.67
2025-06-11,AAPL,198.78
2025-06-12,AAPL,199.2
2025-06-13,AAPL,196.45
2025-06-16,AAPL,198.42
2025-06-17,AAPL,195.64
2025-06-18,AAPL,196.58
2025-06-20,AAPL,201
2025-06-23,AAPL,201.5
2025-06-24,AAPL,200.3
2025-06-25,AAPL,201.56
2025-06-26,AAPL,201
2025-06-27,AAPL,201.08
2025-06-30,AAPL,205.17
2025-07-01,AAPL,207.82
2025-07-02,AAPL,212.44
2025-07-03,AAPL,213.55
2025-07-07,AAPL,209.95
2025-07-08,AAPL,210.01
2025-07-09,AAPL,211.14
2025-07-10,AAPL,212.41
2025-07-11,AAPL,211.16
2025-07-14,AAPL,208.62
2025-07-15,AAPL,209.11
2025-07-16,AAPL,210.16
2025-07-17,AAPL,210.02
2025-07-18,AAPL,211.18
2025-07-21,AAPL,212.48
2025-07-22,AAPL,214.4
2025-07-23,AAPL,214.15
2025-07-24,AAPL,213.76
2025-07-25,AAPL,213.88
2025-07-28,AAPL,214.05
2025-07-29,AAPL,211.27
2025-07-30,AAPL,209.05
2025-07-31,AAPL,207.57
2025-08-01,AAPL,202.38
2025-08-04,AAPL,203.35
2025-08-05,AAPL,202.92
2025-08-06,AAPL,213.25
2025-08-07,AAPL,220.03
2025-08-08,AAPL,229.35
2025-08-11,AAPL,227.18
2025-08-12,AAPL,229.65
2025-08-13,AAPL,233.33
2025-08-14,AAPL,232.78
2025-08-15,AAPL,231.59
2025-08-18,AAPL,230.89
2025-08-19,AAPL,230.56
2025-08-20,AAPL,226.01
2025-08-21,AAPL,224.9
2025-08-22,AAPL,227.76
2025-08-25,AAPL,227.16
2025-08-26,AAPL,229.31
2025-08-27,AAPL,230.49
2025-08-28,AAPL,232.56
2025-08-29,AAPL,232.14
2025-09-02,AAPL,229.72
2025-09-03,AAPL,238.47
2025-09-04,AAPL,239.78
2025-09-05,AAPL,239.69
2025-09-08,AAPL,237.88
2025-09-09,AAPL,234.35
2025-09-10,AAPL,226.79
2025-09-11,AAPL,230.03
2025-09-12,AAPL,234.07
2025-09-15,AAPL,236.7
2025-09-16,AAPL,238.15
2025-09-17,AAPL,238.99
2025-09-18,AAPL,237.88
2025-09-19,AAPL,245.5
2025-09-22,AAPL,256.08
2025-09-23,AAPL,254.43
2025-09-24,AAPL,252.31
2025-09-25,AAPL,256.87
2025-09-26,AAPL,255.46
2025-09-29,AAPL,254.43
2025-09-30,AAPL,254.63
2025-10-01,AAPL,255.45
2025-10-02,AAPL,257.13
2025-10-03,AAPL,258.02
2025-10-06,AAPL,256.69
2025-10-07,AAPL,256.48
2025-10-08,AAPL,258.06
2025-10-09,AAPL,254.04
2025-10-10,AAPL,245.27
2025-10-13,AAPL,247.66
2025-10-14,AAPL,247.77
2025-10-15,AAPL,249.34
2025-10-16,AAPL,247.45
2025-10-17,AAPL,252.29
2025-10-20,AAPL,262.24
2025-10-21,AAPL,262.77
2025-10-22,AAPL,258.45
2025-10-23,AAPL,259.58
2025-10-24,AAPL,262.82
2025-10-27,AAPL,268.81
2025-10-28,AAPL,269
2025-10-29,AAPL,269.7
2025-10-30,AAPL,271.4
2025-10-31,AAPL,270.37
2025-11-03,AAPL,269.05
2025-11-04,AAPL,270.04
2025-11-05,AAPL,270.14
2025-11-06,AAPL,269.77
2025-11-07,AAPL,268.47
2025-11-10,AAPL,269.43
2025-11-11,AAPL,275.25
2025-11-12,AAPL,273.47
2025-11-13,AAPL,272.95
2025-11-14,AAPL,272.41
2025-11-17,AAPL,267.46
2025-11-18,AAPL,267.44
2025-11-19,AAPL,268.56
2025-11-20,AAPL,266.25
2025-11-21,AAPL,271.49
2025-11-24,AAPL,275.92
2025-11-25,AAPL,276.97
2025-11-26,AAPL,277.55
2025-11-28,AAPL,278.85
2025-12-01,AAPL,283.1
2025-12-02,AAPL,286.19
2025-12-03,AAPL,284.15
2025-12-04,AAPL,280.7
2025-12-05,AAPL,278.78
2025-12-08,AAPL,277.89
2025-12-09,AAPL,277.18
2025-12-10,AAPL,278.78
2025-12-11,AAPL,278.03
2025-12-12,AAPL,278.28
2025-12-15,AAPL,274.11
2025-12-16,AAPL,274.61
2025-12-17,AAPL,271.84
2025-12-18,AAPL,272.19
2025-12-19,AAPL,273.67
2025-12-22,AAPL,270.97
2025-12-23,AAPL,272.36
2025-12-24,AAPL,273.81
2025-12-26,AAPL,273.4
2025-12-29,AAPL,273.76
2025-12-30,AAPL,273.08
2025-12-31,AAPL,271.86
2026-01-02,AAPL,271.01
2026-01-05,AAPL,267.26
2026-01-06,AAPL,262.36
2026-01-07,AAPL,260.33
2026-01-08,AAPL,259.04
2026-01-09,AAPL,259.37
2026-01-12,AAPL,260.25
2026-01-13,AAPL,261.05
2026-01-14,AAPL,259.96
2026-01-15,AAPL,258.21
2026-01-16,AAPL,255.53
2026-01-20,AAPL,246.7
2026-01-21,AAPL,247.65
2026-01-22,AAPL,248.35
2026-01-23,AAPL,248.04
2026-01-26,AAPL,255.41
2026-01-27,AAPL,258.27
2026-01-28,AAPL,256.44
2026-01-29,AAPL,258.28
2026-01-30,AAPL,259.48
2026-02-02,AAPL,270.01
2026-02-03,AAPL,269.48
2026-02-04,AAPL,276.49
2026-02-05,AAPL,275.91
2026-02-06,AAPL,278.12
2026-02-09,AAPL,274.62
2026-02-10,AAPL,273.68
2026-02-11,AAPL,275.5
2026-02-12,AAPL,261.73
2026-02-13,AAPL,255.78
2026-02-17,AAPL,263.88
2026-02-18,AAPL,264.35
2026-02-19,AAPL,260.58
2026-02-20,AAPL,264.58
2026-02-23,AAPL,266.18
2026-02-24,AAPL,272.14
2026-02-25,AAPL,274.23
2026-02-26,AAPL,272.95
2026-02-27,AAPL,264.18
2026-03-02,AAPL,264.72
2026-03-03,AAPL,263.75
2026-03-04,AAPL,262.52
2026-03-05,AAPL,260.29
2026-03-06,AAPL,257.46
2026-03-09,AAPL,259.88
2026-03-10,AAPL,260.83
2026-03-11,AAPL,260.81
2026-03-12,AAPL,255.76
2026-03-13,AAPL,250.12
2026-03-16,AAPL,252.82
2026-03-17,AAPL,254.23
2026-03-18,AAPL,249.94
2026-03-19,AAPL,248.96
2026-03-20,AAPL,247.99
2026-03-23,AAPL,251.49
2026-03-24,AAPL,251.64
2026-03-25,AAPL,252.62
2026-03-26,AAPL,252.89
2026-03-27,AAPL,248.8
2026-03-30,AAPL,246.63
2026-03-31,AAPL,253.79
2026-04-01,AAPL,255.63
2026-04-02,AAPL,255.92
2026-04-06,AAPL,258.86
2026-04-07,AAPL,253.5
2026-04-08,AAPL,258.9
2026-04-09,AAPL,260.49
2026-04-10,AAPL,260.48
2026-04-13,AAPL,259.2
2026-04-14,AAPL,258.83
2026-04-15,AAPL,266.43
2026-04-16,AAPL,263.4
2026-04-17,AAPL,270.23
2026-04-20,AAPL,273.05
2026-04-21,AAPL,266.17
2026-04-22,AAPL,273.17
2026-04-23,AAPL,273.43
2026-04-24,AAPL,271.06
2026-04-27,AAPL,267.61
2026-04-28,AAPL,270.71
2026-04-29,AAPL,270.17
2026-04-30,AAPL,271.35
2026-05-01,AAPL,280.14
2026-05-04,AAPL,276.83
2026-05-05,AAPL,284.18
2026-05-06,AAPL,287.51
2026-05-07,AAPL,287.44
2026-05-08,AAPL,293.32
2026-05-11,AAPL,292.68
2026-05-12,AAPL,294.8
2026-05-13,AAPL,298.87
2026-05-14,AAPL,298.21
2026-05-15,AAPL,300.23
2026-05-18,AAPL,297.84
2026-05-19,AAPL,298.97
2026-05-20,AAPL,302.25
2026-05-21,AAPL,304.99
2026-05-22,AAPL,308.82
2026-05-26,AAPL,308.33
2026-05-27,AAPL,310.85
2026-05-28,AAPL,312.51
2026-05-29,AAPL,312.06
2026-06-01,AAPL,306.31
2026-06-02,AAPL,315.2
2026-06-03,AAPL,310.26
2026-06-04,AAPL,311.23
2026-06-05,AAPL,307.34
2026-06-08,AAPL,301.54
2026-06-09,AAPL,290.55
2026-06-10,AAPL,291.58
2026-06-11,AAPL,295.63
2026-06-12,AAPL,291.13
2026-06-15,AAPL,296.42
2026-06-16,AAPL,299.24
2026-06-17,AAPL,295.95
2026-06-18,AAPL,298.01
2026-06-22,AAPL,297.01
2026-06-23,AAPL,294.3
2026-06-24,AAPL,293.08
2026-06-25,AAPL,275.15
2026-06-26,AAPL,283.78
2026-06-29,AAPL,281.74
2026-06-30,AAPL,289.36
2026-07-01,AAPL,294.38
2026-07-02,AAPL,308.63
2026-07-06,AAPL,312.66
2026-07-07,AAPL,310.66
2026-07-08,AAPL,313.39
2026-07-09,AAPL,316.22
2026-07-10,AAPL,315.32
2026-07-13,AAPL,317.31
2026-07-14,AAPL,314.86
2026-07-15,AAPL,327.5
2026-07-16,AAPL,333.26
2026-07-17,AAPL,333.74
2026-07-20,AAPL,326.59
2026-07-21,AAPL,327.74
2026-07-22,AAPL,325.89
2026-07-23,AAPL,321.66
2026-07-24,AAPL,333.02
2026-07-27,AAPL,336.91
2026-07-28,AAPL,340.08
2026-07-29,AAPL,338.19
2026-07-30,AAPL,333.43
2026-07-31,AAPL,308.91
2026-08-03,AAPL,303.42
2026-08-04,AAPL,309.38
2026-08-05,AAPL,311
2026-08-06,AAPL,312.41
2026-08-07,AAPL,313.33
2026-08-10,AAPL,308.26
2026-08-11,AAPL,304.91
2026-08-12,AAPL,302.25
2026-08-13,AAPL,305.26
2026-08-14,AAPL,305.93
2026-08-17,AAPL,305.59
2026-08-18,AAPL,310.03
2026-08-19,AAPL,316.83
2026-08-20,AAPL,311.3
2026-08-21,AAPL,309.35
2026-08-24,AAPL,310.34
2026-08-25,AAPL,309.9
2026-08-26,AAPL,313.45
2026-08-27,AAPL,314.58
2026-08-28,AAPL,319.7
2026-08-31,AAPL,316.85
2026-09-01,AAPL,325.13
2026-09-02,AAPL,324.96
2026-09-03,AAPL,328.21
2026-09-04,AAPL,319.97
2026-09-08,AAPL,316.22
2026-09-09,AAPL,315.34
2026-09-10,AAPL,326.57
2026-09-11,AAPL,332.27
2026-09-14,AAPL,333.08
2026-09-15,AAPL,331.34
2026-09-16,AAPL,332.41
2026-09-17,AAPL,337
2026-09-18,AAPL,336.13
2022-01-03,MSFT,334.75
2022-01-04,MSFT,329.01
2022-01-05,MSFT,316.38
2022-01-06,MSFT,313.88
2022-01-07,MSFT,314.04
2022-01-10,MSFT,314.27
2022-01-11,MSFT,314.98
2022-01-12,MSFT,318.27
2022-01-13,MSFT,304.8
2022-01-14,MSFT,310.2
2022-01-18,MSFT,302.65
2022-01-19,MSFT,303.33
2022-01-20,MSFT,301.6
2022-01-21,MSFT,296.03
2022-01-24,MSFT,296.37
2022-01-25,MSFT,288.49
2022-01-26,MSFT,296.71
2022-01-27,MSFT,299.84
2022-01-28,MSFT,308.26
2022-01-31,MSFT,310.98
2022-02-01,MSFT,308.76
2022-02-02,MSFT,313.46
2022-02-03,MSFT,301.25
2022-02-04,MSFT,305.94
2022-02-07,MSFT,300.95
2022-02-08,MSFT,304.56
2022-02-09,MSFT,311.21
2022-02-10,MSFT,302.38
2022-02-11,MSFT,295.04
2022-02-14,MSFT,295
2022-02-15,MSFT,300.47
2022-02-16,MSFT,299.5
2022-02-17,MSFT,290.73
2022-02-18,MSFT,287.93
2022-02-22,MSFT,287.72
2022-02-23,MSFT,280.27
2022-02-24,MSFT,294.59
2022-02-25,MSFT,297.31
2022-02-28,MSFT,298.79
2022-03-01,MSFT,294.95
2022-03-02,MSFT,300.19
2022-03-03,MSFT,295.92
2022-03-04,MSFT,289.86
2022-03-07,MSFT,278.91
2022-03-08,MSFT,275.85
2022-03-09,MSFT,288.5
2022-03-10,MSFT,285.59
2022-03-11,MSFT,280.07
2022-03-14,MSFT,276.44
2022-03-15,MSFT,287.15
2022-03-16,MSFT,294.39
2022-03-17,MSFT,295.22
2022-03-18,MSFT,300.43
2022-03-21,MSFT,299.16
2022-03-22,MSFT,304.06
2022-03-23,MSFT,299.49
2022-03-24,MSFT,304.1
2022-03-25,MSFT,303.68
2022-03-28,MSFT,310.7
2022-03-29,MSFT,315.41
2022-03-30,MSFT,313.86
2022-03-31,MSFT,308.31
2022-04-01,MSFT,309.42
2022-04-04,MSFT,314.97
2022-04-05,MSFT,310.88
2022-04-06,MSFT,299.5
2022-04-07,MSFT,301.37
2022-04-08,MSFT,296.97
2022-04-11,MSFT,285.26
2022-04-12,MSFT,282.06
2022-04-13,MSFT,287.62
2022-04-14,MSFT,279.83
2022-04-18,MSFT,280.52
2022-04-19,MSFT,285.3
2022-04-20,MSFT,286.36
2022-04-21,MSFT,280.81
2022-04-22,MSFT,274.03
2022-04-25,MSFT,280.72
2022-04-26,MSFT,270.22
2022-04-27,MSFT,283.22
2022-04-28,MSFT,289.63
2022-04-29,MSFT,277.52
2022-05-02,MSFT,284.47
2022-05-03,MSFT,281.78
2022-05-04,MSFT,289.98
2022-05-05,MSFT,277.35
2022-05-06,MSFT,274.73
2022-05-09,MSFT,264.58
2022-05-10,MSFT,269.5
2022-05-11,MSFT,260.55
2022-05-12,MSFT,255.35
2022-05-13,MSFT,261.12
2022-05-16,MSFT,261.5
2022-05-17,MSFT,266.82
2022-05-18,MSFT,254.08
2022-05-19,MSFT,253.14
2022-05-20,MSFT,252.56
2022-05-23,MSFT,260.65
2022-05-24,MSFT,259.62
2022-05-25,MSFT,262.52
2022-05-26,MSFT,265.9
2022-05-27,MSFT,273.24
2022-05-31,MSFT,271.87
2022-06-01,MSFT,272.42
2022-06-02,MSFT,274.58
2022-06-03,MSFT,270.02
2022-06-06,MSFT,268.75
2022-06-07,MSFT,272.5
2022-06-08,MSFT,270.41
2022-06-09,MSFT,264.79
2022-06-10,MSFT,252.99
2022-06-13,MSFT,242.26
2022-06-14,MSFT,244.49
2022-06-15,MSFT,251.76
2022-06-16,MSFT,244.97
2022-06-17,MSFT,247.65
2022-06-21,MSFT,253.74
2022-06-22,MSFT,253.13
2022-06-23,MSFT,258.86
2022-06-24,MSFT,267.7
2022-06-27,MSFT,264.89
2022-06-28,MSFT,256.48
2022-06-29,MSFT,260.26
2022-06-30,MSFT,256.83
2022-07-01,MSFT,259.58
2022-07-05,MSFT,262.85
2022-07-06,MSFT,266.21
2022-07-07,MSFT,268.4
2022-07-08,MSFT,267.66
2022-07-11,MSFT,264.51
2022-07-12,MSFT,253.67
2022-07-13,MSFT,252.72
2022-07-14,MSFT,254.08
2022-07-15,MSFT,256.72
2022-07-18,MSFT,254.25
2022-07-19,MSFT,259.53
2022-07-20,MSFT,262.27
2022-07-21,MSFT,264.84
2022-07-22,MSFT,260.36
2022-07-25,MSFT,258.83
2022-07-26,MSFT,251.9
2022-07-27,MSFT,268.74
2022-07-28,MSFT,276.41
2022-07-29,MSFT,280.74
2022-08-01,MSFT,278.01
2022-08-02,MSFT,274.82
2022-08-03,MSFT,282.47
2022-08-04,MSFT,283.65
2022-08-05,MSFT,282.91
2022-08-08,MSFT,280.32
2022-08-09,MSFT,282.3
2022-08-10,MSFT,289.16
2022-08-11,MSFT,287.02
2022-08-12,MSFT,291.91
2022-08-15,MSFT,293.47
2022-08-16,MSFT,292.71
2022-08-17,MSFT,291.32
2022-08-18,MSFT,290.17
2022-08-19,MSFT,286.15
2022-08-22,MSFT,277.75
2022-08-23,MSFT,276.44
2022-08-24,MSFT,275.79
2022-08-25,MSFT,278.85
2022-08-26,MSFT,268.09
2022-08-29,MSFT,265.23
2022-08-30,MSFT,262.97
2022-08-31,MSFT,261.47
2022-09-01,MSFT,260.4
2022-09-02,MSFT,256.06
2022-09-06,MSFT,253.25
2022-09-07,MSFT,258.09
2022-09-08,MSFT,258.52
2022-09-09,MSFT,264.46
2022-09-12,MSFT,266.65
2022-09-13,MSFT,251.99
2022-09-14,MSFT,252.22
2022-09-15,MSFT,245.38
2022-09-16,MSFT,244.74
2022-09-19,MSFT,244.52
2022-09-20,MSFT,242.45
2022-09-21,MSFT,238.95
2022-09-22,MSFT,240.98
2022-09-23,MSFT,237.92
2022-09-26,MSFT,237.45
2022-09-27,MSFT,236.41
2022-09-28,MSFT,241.07
2022-09-29,MSFT,237.5
2022-09-30,MSFT,232.9
2022-10-03,MSFT,240.74
2022-10-04,MSFT,248.88
2022-10-05,MSFT,249.2
2022-10-06,MSFT,246.79
2022-10-07,MSFT,234.24
2022-10-10,MSFT,229.25
2022-10-11,MSFT,225.41
2022-10-12,MSFT,225.75
2022-10-13,MSFT,234.24
2022-10-14,MSFT,228.56
2022-10-17,MSFT,237.53
2022-10-18,MSFT,238.5
2022-10-19,MSFT,236.48
2022-10-20,MSFT,236.15
2022-10-21,MSFT,242.12
2022-10-24,MSFT,247.25
2022-10-25,MSFT,250.66
2022-10-26,MSFT,231.32
2022-10-27,MSFT,226.75
2022-10-28,MSFT,235.87
2022-10-31,MSFT,232.13
2022-11-01,MSFT,228.17
2022-11-02,MSFT,220.1
2022-11-03,MSFT,214.25
2022-11-04,MSFT,221.39
2022-11-07,MSFT,227.87
2022-11-08,MSFT,228.87
2022-11-09,MSFT,224.51
2022-11-10,MSFT,242.98
2022-11-11,MSFT,247.11
2022-11-14,MSFT,241.55
2022-11-15,MSFT,241.97
2022-11-16,MSFT,241.73
2022-11-17,MSFT,241.68
2022-11-18,MSFT,241.22
2022-11-21,MSFT,242.05
2022-11-22,MSFT,245.03
2022-11-23,MSFT,247.58
2022-11-25,MSFT,247.49
2022-11-28,MSFT,241.76
2022-11-29,MSFT,240.33
2022-11-30,MSFT,255.14
2022-12-01,MSFT,254.69
2022-12-02,MSFT,255.02
2022-12-05,MSFT,250.2
2022-12-06,MSFT,245.12
2022-12-07,MSFT,244.37
2022-12-08,MSFT,247.4
2022-12-09,MSFT,245.42
2022-12-12,MSFT,252.51
2022-12-13,MSFT,256.92
2022-12-14,MSFT,257.22
2022-12-15,MSFT,249.01
2022-12-16,MSFT,244.69
2022-12-19,MSFT,240.45
2022-12-20,MSFT,241.8
2022-12-21,MSFT,244.43
2022-12-22,MSFT,238.19
2022-12-23,MSFT,238.73
2022-12-27,MSFT,236.96
2022-12-28,MSFT,234.53
2022-12-29,MSFT,241.01
2022-12-30,MSFT,239.82
2023-01-03,MSFT,239.58
2023-01-04,MSFT,229.1
2023-01-05,MSFT,222.31
2023-01-06,MSFT,224.93
2023-01-09,MSFT,227.12
2023-01-10,MSFT,228.85
2023-01-11,MSFT,235.77
2023-01-12,MSFT,238.51
2023-01-13,MSFT,239.23
2023-01-17,MSFT,240.35
2023-01-18,MSFT,235.81
2023-01-19,MSFT,231.93
2023-01-20,MSFT,240.22
2023-01-23,MSFT,242.58
2023-01-24,MSFT,242.04
2023-01-25,MSFT,240.61
2023-01-26,MSFT,248
2023-01-27,MSFT,248.16
2023-01-30,MSFT,242.71
2023-01-31,MSFT,247.81
2023-02-01,MSFT,252.75
2023-02-02,MSFT,264.6
2023-02-03,MSFT,258.35
2023-02-06,MSFT,256.77
2023-02-07,MSFT,267.56
2023-02-08,MSFT,266.73
2023-02-09,MSFT,263.62
2023-02-10,MSFT,263.1
2023-02-13,MSFT,271.32
2023-02-14,MSFT,272.17
2023-02-15,MSFT,269.32
2023-02-16,MSFT,262.15
2023-02-17,MSFT,258.06
2023-02-21,MSFT,252.67
2023-02-22,MSFT,251.51
2023-02-23,MSFT,254.77
2023-02-24,MSFT,249.22
2023-02-27,MSFT,250.16
2023-02-28,MSFT,249.42
2023-03-01,MSFT,246.27
2023-03-02,MSFT,251.11
2023-03-03,MSFT,255.29
2023-03-06,MSFT,256.87
2023-03-07,MSFT,254.15
2023-03-08,MSFT,253.7
2023-03-09,MSFT,252.32
2023-03-10,MSFT,248.59
2023-03-13,MSFT,253.92
2023-03-14,MSFT,260.79
2023-03-15,MSFT,265.44
2023-03-16,MSFT,276.2
2023-03-17,MSFT,279.43
2023-03-20,MSFT,272.23
2023-03-21,MSFT,273.78
2023-03-22,MSFT,272.29
2023-03-23,MSFT,277.66
2023-03-24,MSFT,280.57
2023-03-27,MSFT,276.38
2023-03-28,MSFT,275.23
2023-03-29,MSFT,280.51
2023-03-30,MSFT,284.05
2023-03-31,MSFT,288.3
2023-04-03,MSFT,287.23
2023-04-04,MSFT,287.18
2023-04-05,MSFT,284.34
2023-04-06,MSFT,291.6
2023-04-10,MSFT,289.39
2023-04-11,MSFT,282.83
2023-04-12,MSFT,283.49
2023-04-13,MSFT,289.84
2023-04-14,MSFT,286.14
2023-04-17,MSFT,288.8
2023-04-18,MSFT,288.37
2023-04-19,MSFT,288.45
2023-04-20,MSFT,286.11
2023-04-21,MSFT,285.76
2023-04-24,MSFT,281.77
2023-04-25,MSFT,275.42
2023-04-26,MSFT,295.37
2023-04-27,MSFT,304.83
2023-04-28,MSFT,307.26
2023-05-01,MSFT,305.56
2023-05-02,MSFT,305.41
2023-05-03,MSFT,304.4
2023-05-04,MSFT,305.41
2023-05-05,MSFT,310.65
2023-05-08,MSFT,308.65
2023-05-09,MSFT,307
2023-05-10,MSFT,312.31
2023-05-11,MSFT,310.11
2023-05-12,MSFT,308.97
2023-05-15,MSFT,309.46
2023-05-16,MSFT,311.74
2023-05-17,MSFT,314
2023-05-18,MSFT,318.52
2023-05-19,MSFT,318.34
2023-05-22,MSFT,321.18
2023-05-23,MSFT,315.26
2023-05-24,MSFT,313.85
2023-05-25,MSFT,325.92
2023-05-26,MSFT,332.89
2023-05-30,MSFT,331.21
2023-05-31,MSFT,328.39
2023-06-01,MSFT,332.58
2023-06-02,MSFT,335.4
2023-06-05,MSFT,335.94
2023-06-06,MSFT,333.68
2023-06-07,MSFT,323.38
2023-06-08,MSFT,325.26
2023-06-09,MSFT,326.79
2023-06-12,MSFT,331.85
2023-06-13,MSFT,334.29
2023-06-14,MSFT,337.34
2023-06-15,MSFT,348.1
2023-06-16,MSFT,342.33
2023-06-20,MSFT,338.05
2023-06-21,MSFT,333.56
2023-06-22,MSFT,339.71
2023-06-23,MSFT,335.02
2023-06-26,MSFT,328.6
2023-06-27,MSFT,334.57
2023-06-28,MSFT,335.85
2023-06-29,MSFT,335.05
2023-06-30,MSFT,340.54
2023-07-03,MSFT,337.99
2023-07-05,MSFT,338.15
2023-07-06,MSFT,341.27
2023-07-07,MSFT,337.22
2023-07-10,MSFT,331.83
2023-07-11,MSFT,332.47
2023-07-12,MSFT,337.2
2023-07-13,MSFT,342.66
2023-07-14,MSFT,345.24
2023-07-17,MSFT,345.73
2023-07-18,MSFT,359.49
2023-07-19,MSFT,355.08
2023-07-20,MSFT,346.87
2023-07-21,MSFT,343.77
2023-07-24,MSFT,345.11
2023-07-25,MSFT,350.98
2023-07-26,MSFT,337.77
2023-07-27,MSFT,330.72
2023-07-28,MSFT,338.37
2023-07-31,MSFT,335.92
2023-08-01,MSFT,336.34
2023-08-02,MSFT,327.5
2023-08-03,MSFT,326.66
2023-08-04,MSFT,327.78
2023-08-07,MSFT,330.11
2023-08-08,MSFT,326.05
2023-08-09,MSFT,322.23
2023-08-10,MSFT,322.93
2023-08-11,MSFT,321.01
2023-08-14,MSFT,324.04
2023-08-15,MSFT,321.86
2023-08-16,MSFT,320.4
2023-08-17,MSFT,316.88
2023-08-18,MSFT,316.48
2023-08-21,MSFT,321.88
2023-08-22,MSFT,322.46
2023-08-23,MSFT,327
2023-08-24,MSFT,319.97
2023-08-25,MSFT,322.98
2023-08-28,MSFT,323.7
2023-08-29,MSFT,328.41
2023-08-30,MSFT,328.79
2023-08-31,MSFT,327.76
2023-09-01,MSFT,328.66
2023-09-05,MSFT,333.55
2023-09-06,MSFT,332.88
2023-09-07,MSFT,329.91
2023-09-08,MSFT,334.27
2023-09-11,MSFT,337.94
2023-09-12,MSFT,331.77
2023-09-13,MSFT,336.06
2023-09-14,MSFT,338.7
2023-09-15,MSFT,330.22
2023-09-18,MSFT,329.06
2023-09-19,MSFT,328.65
2023-09-20,MSFT,320.77
2023-09-21,MSFT,319.53
2023-09-22,MSFT,317.01
2023-09-25,MSFT,317.54
2023-09-26,MSFT,312.14
2023-09-27,MSFT,312.79
2023-09-28,MSFT,313.64
2023-09-29,MSFT,315.75
2023-10-02,MSFT,321.8
2023-10-03,MSFT,313.39
2023-10-04,MSFT,318.96
2023-10-05,MSFT,319.36
2023-10-06,MSFT,327.26
2023-10-09,MSFT,329.82
2023-10-10,MSFT,328.39
2023-10-11,MSFT,332.42
2023-10-12,MSFT,331.16
2023-10-13,MSFT,327.73
2023-10-16,MSFT,332.64
2023-10-17,MSFT,332.06
2023-10-18,MSFT,330.11
2023-10-19,MSFT,331.32
2023-10-20,MSFT,326.67
2023-10-23,MSFT,329.32
2023-10-24,MSFT,330.53
2023-10-25,MSFT,340.67
2023-10-26,MSFT,327.89
2023-10-27,MSFT,329.81
2023-10-30,MSFT,337.31
2023-10-31,MSFT,338.11
2023-11-01,MSFT,346.07
2023-11-02,MSFT,348.32
2023-11-03,MSFT,352.8
2023-11-06,MSFT,356.53
2023-11-07,MSFT,360.53
2023-11-08,MSFT,363.2
2023-11-09,MSFT,360.69
2023-11-10,MSFT,369.67
2023-11-13,MSFT,366.68
2023-11-14,MSFT,370.27
2023-11-15,MSFT,369.67
2023-11-16,MSFT,376.17
2023-11-17,MSFT,369.85
2023-11-20,MSFT,377.44
2023-11-21,MSFT,373.07
2023-11-22,MSFT,377.85
2023-11-24,MSFT,377.43
2023-11-27,MSFT,378.61
2023-11-28,MSFT,382.7
2023-11-29,MSFT,378.85
2023-11-30,MSFT,378.91
2023-12-01,MSFT,374.51
2023-12-04,MSFT,369.14
2023-12-05,MSFT,372.52
2023-12-06,MSFT,368.8
2023-12-07,MSFT,370.95
2023-12-08,MSFT,374.23
2023-12-11,MSFT,371.3
2023-12-12,MSFT,374.38
2023-12-13,MSFT,374.37
2023-12-14,MSFT,365.93
2023-12-15,MSFT,370.73
2023-12-18,MSFT,372.65
2023-12-19,MSFT,373.26
2023-12-20,MSFT,370.62
2023-12-21,MSFT,373.54
2023-12-22,MSFT,374.58
2023-12-26,MSFT,374.66
2023-12-27,MSFT,374.07
2023-12-28,MSFT,375.28
2023-12-29,MSFT,376.04
2024-01-02,MSFT,370.87
2024-01-03,MSFT,370.6
2024-01-04,MSFT,367.94
2024-01-05,MSFT,367.75
2024-01-08,MSFT,374.69
2024-01-09,MSFT,375.79
2024-01-10,MSFT,382.77
2024-01-11,MSFT,384.63
2024-01-12,MSFT,388.47
2024-01-16,MSFT,390.27
2024-01-17,MSFT,389.47
2024-01-18,MSFT,393.87
2024-01-19,MSFT,398.67
2024-01-22,MSFT,396.51
2024-01-23,MSFT,398.9
2024-01-24,MSFT,402.56
2024-01-25,MSFT,404.87
2024-01-26,MSFT,403.93
2024-01-29,MSFT,409.72
2024-01-30,MSFT,408.59
2024-01-31,MSFT,397.58
2024-02-01,MSFT,403.78
2024-02-02,MSFT,411.22
2024-02-05,MSFT,405.65
2024-02-06,MSFT,405.49
2024-02-07,MSFT,414.05
2024-02-08,MSFT,414.11
2024-02-09,MSFT,420.55
2024-02-12,MSFT,415.26
2024-02-13,MSFT,406.32
2024-02-14,MSFT,409.49
2024-02-15,MSFT,406.56
2024-02-16,MSFT,404.06
2024-02-20,MSFT,402.79
2024-02-21,MSFT,402.18
2024-02-22,MSFT,411.65
2024-02-23,MSFT,410.34
2024-02-26,MSFT,407.54
2024-02-27,MSFT,407.48
2024-02-28,MSFT,407.72
2024-02-29,MSFT,413.64
2024-03-01,MSFT,415.5
2024-03-04,MSFT,414.92
2024-03-05,MSFT,402.65
2024-03-06,MSFT,402.09
2024-03-07,MSFT,409.14
2024-03-08,MSFT,406.22
2024-03-11,MSFT,404.52
2024-03-12,MSFT,415.28
2024-03-13,MSFT,415.1
2024-03-14,MSFT,425.22
2024-03-15,MSFT,416.42
2024-03-18,MSFT,417.32
2024-03-19,MSFT,421.41
2024-03-20,MSFT,425.23
2024-03-21,MSFT,429.37
2024-03-22,MSFT,428.74
2024-03-25,MSFT,422.86
2024-03-26,MSFT,421.65
2024-03-27,MSFT,421.43
2024-03-28,MSFT,420.72
2024-04-01,MSFT,424.57
2024-04-02,MSFT,421.44
2024-04-03,MSFT,420.45
2024-04-04,MSFT,417.88
2024-04-05,MSFT,425.52
2024-04-08,MSFT,424.59
2024-04-09,MSFT,426.28
2024-04-10,MSFT,423.26
2024-04-11,MSFT,427.93
2024-04-12,MSFT,421.9
2024-04-15,MSFT,413.64
2024-04-16,MSFT,414.58
2024-04-17,MSFT,411.84
2024-04-18,MSFT,404.27
2024-04-19,MSFT,399.12
2024-04-22,MSFT,400.96
2024-04-23,MSFT,407.57
2024-04-24,MSFT,409.06
2024-04-25,MSFT,399.04
2024-04-26,MSFT,406.32
2024-04-29,MSFT,402.25
2024-04-30,MSFT,389.33
2024-05-01,MSFT,394.94
2024-05-02,MSFT,397.84
2024-05-03,MSFT,406.66
2024-05-06,MSFT,413.54
2024-05-07,MSFT,409.34
2024-05-08,MSFT,410.54
2024-05-09,MSFT,412.32
2024-05-10,MSFT,414.74
2024-05-13,MSFT,413.72
2024-05-14,MSFT,416.56
2024-05-15,MSFT,423.08
2024-05-16,MSFT,420.99
2024-05-17,MSFT,420.21
2024-05-20,MSFT,425.34
2024-05-21,MSFT,429.04
2024-05-22,MSFT,430.52
2024-05-23,MSFT,427
2024-05-24,MSFT,430.16
2024-05-28,MSFT,430.32
2024-05-29,MSFT,429.17
2024-05-30,MSFT,414.67
2024-05-31,MSFT,415.13
2024-06-03,MSFT,413.52
2024-06-04,MSFT,416.07
2024-06-05,MSFT,424.01
2024-06-06,MSFT,424.52
2024-06-07,MSFT,423.85
2024-06-10,MSFT,427.87
2024-06-11,MSFT,432.68
2024-06-12,MSFT,441.06
2024-06-13,MSFT,441.58
2024-06-14,MSFT,442.57
2024-06-17,MSFT,448.37
2024-06-18,MSFT,446.34
2024-06-20,MSFT,445.7
2024-06-21,MSFT,449.78
2024-06-24,MSFT,447.67
2024-06-25,MSFT,450.95
2024-06-26,MSFT,452.16
2024-06-27,MSFT,452.85
2024-06-28,MSFT,446.95
2024-07-01,MSFT,456.73
2024-07-02,MSFT,459.28
2024-07-03,MSFT,460.77
2024-07-05,MSFT,467.56
2024-07-08,MSFT,466.24
2024-07-09,MSFT,459.54
2024-07-10,MSFT,466.25
2024-07-11,MSFT,454.7
2024-07-12,MSFT,453.55
2024-07-15,MSFT,453.96
2024-07-16,MSFT,449.52
2024-07-17,MSFT,443.52
2024-07-18,MSFT,440.37
2024-07-19,MSFT,437.11
2024-07-22,MSFT,442.94
2024-07-23,MSFT,444.85
2024-07-24,MSFT,428.9
2024-07-25,MSFT,418.4
2024-07-26,MSFT,425.27
2024-07-29,MSFT,426.73
2024-07-30,MSFT,422.92
2024-07-31,MSFT,418.35
2024-08-01,MSFT,417.11
2024-08-02,MSFT,408.49
2024-08-05,MSFT,395.15
2024-08-06,MSFT,399.61
2024-08-07,MSFT,398.43
2024-08-08,MSFT,402.69
2024-08-09,MSFT,406.02
2024-08-12,MSFT,406.81
2024-08-13,MSFT,414.01
2024-08-14,MSFT,416.86
2024-08-15,MSFT,421.03
2024-08-16,MSFT,418.47
2024-08-19,MSFT,421.53
2024-08-20,MSFT,424.8
2024-08-21,MSFT,424.14
2024-08-22,MSFT,415.55
2024-08-23,MSFT,416.79
2024-08-26,MSFT,413.49
2024-08-27,MSFT,413.84
2024-08-28,MSFT,410.6
2024-08-29,MSFT,413.12
2024-08-30,MSFT,417.14
2024-09-03,MSFT,409.44
2024-09-04,MSFT,408.9
2024-09-05,MSFT,408.39
2024-09-06,MSFT,401.7
2024-09-09,MSFT,405.72
2024-09-10,MSFT,414.2
2024-09-11,MSFT,423.04
2024-09-12,MSFT,427
2024-09-13,MSFT,430.59
2024-09-16,MSFT,431.34
2024-09-17,MSFT,435.15
2024-09-18,MSFT,430.81
2024-09-19,MSFT,438.69
2024-09-20,MSFT,435.27
2024-09-23,MSFT,433.51
2024-09-24,MSFT,429.17
2024-09-25,MSFT,432.11
2024-09-26,MSFT,431.31
2024-09-27,MSFT,428.02
2024-09-30,MSFT,430.3
2024-10-01,MSFT,420.69
2024-10-02,MSFT,417.13
2024-10-03,MSFT,416.54
2024-10-04,MSFT,416.06
2024-10-07,MSFT,409.54
2024-10-08,MSFT,414.71
2024-10-09,MSFT,417.46
2024-10-10,MSFT,415.84
2024-10-11,MSFT,416.32
2024-10-14,MSFT,419.14
2024-10-15,MSFT,418.74
2024-10-16,MSFT,416.12
2024-10-17,MSFT,416.72
2024-10-18,MSFT,418.16
2024-10-21,MSFT,418.78
2024-10-22,MSFT,427.51
2024-10-23,MSFT,424.6
2024-10-24,MSFT,424.73
2024-10-25,MSFT,428.15
2024-10-28,MSFT,426.59
2024-10-29,MSFT,431.95
2024-10-30,MSFT,432.53
2024-10-31,MSFT,406.35
2024-11-01,MSFT,410.37
2024-11-04,MSFT,408.46
2024-11-05,MSFT,411.46
2024-11-06,MSFT,420.18
2024-11-07,MSFT,425.43
2024-11-08,MSFT,422.54
2024-11-11,MSFT,418.01
2024-11-12,MSFT,423.03
2024-11-13,MSFT,425.2
2024-11-14,MSFT,426.89
2024-11-15,MSFT,415
2024-11-18,MSFT,415.76
2024-11-19,MSFT,417.79
2024-11-20,MSFT,415.49
2024-11-21,MSFT,412.87
2024-11-22,MSFT,417
2024-11-25,MSFT,418.79
2024-11-26,MSFT,427.99
2024-11-27,MSFT,422.99
2024-11-29,MSFT,423.46
2024-12-02,MSFT,430.98
2024-12-03,MSFT,431.2
2024-12-04,MSFT,437.42
2024-12-05,MSFT,442.62
2024-12-06,MSFT,443.57
2024-12-09,MSFT,446.02
2024-12-10,MSFT,443.33
2024-12-11,MSFT,448.99
2024-12-12,MSFT,449.56
2024-12-13,MSFT,447.27
2024-12-16,MSFT,451.59
2024-12-17,MSFT,454.46
2024-12-18,MSFT,437.39
2024-12-19,MSFT,437.03
2024-12-20,MSFT,436.6
2024-12-23,MSFT,435.25
2024-12-24,MSFT,439.33
2024-12-26,MSFT,438.11
2024-12-27,MSFT,430.53
2024-12-30,MSFT,424.83
2024-12-31,MSFT,421.5
2025-01-02,MSFT,418.58
2025-01-03,MSFT,423.35
2025-01-06,MSFT,427.85
2025-01-07,MSFT,422.37
2025-01-08,MSFT,424.56
2025-01-10,MSFT,418.95
2025-01-13,MSFT,417.19
2025-01-14,MSFT,415.67
2025-01-15,MSFT,426.31
2025-01-16,MSFT,424.58
2025-01-17,MSFT,429.03
2025-01-21,MSFT,428.5
2025-01-22,MSFT,446.2
2025-01-23,MSFT,446.71
2025-01-24,MSFT,444.06
2025-01-27,MSFT,434.56
2025-01-28,MSFT,447.2
2025-01-29,MSFT,442.33
2025-01-30,MSFT,414.99
2025-01-31,MSFT,415.06
2025-02-03,MSFT,410.92
2025-02-04,MSFT,412.37
2025-02-05,MSFT,413.29
2025-02-06,MSFT,415.82
2025-02-07,MSFT,409.75
2025-02-10,MSFT,412.22
2025-02-11,MSFT,411.44
2025-02-12,MSFT,409.04
2025-02-13,MSFT,410.54
2025-02-14,MSFT,408.43
2025-02-18,MSFT,409.64
2025-02-19,MSFT,414.77
2025-02-20,MSFT,416.13
2025-02-21,MSFT,408.21
2025-02-24,MSFT,404
2025-02-25,MSFT,397.9
2025-02-26,MSFT,399.73
2025-02-27,MSFT,392.53
2025-02-28,MSFT,396.99
2025-03-03,MSFT,388.49
2025-03-04,MSFT,388.61
2025-03-05,MSFT,401.02
2025-03-06,MSFT,396.89
2025-03-07,MSFT,393.31
2025-03-10,MSFT,380.16
2025-03-11,MSFT,380.45
2025-03-12,MSFT,383.27
2025-03-13,MSFT,378.77
2025-03-14,MSFT,388.56
2025-03-17,MSFT,388.7
2025-03-18,MSFT,383.52
2025-03-19,MSFT,387.82
2025-03-20,MSFT,386.84
2025-03-21,MSFT,391.26
2025-03-24,MSFT,393.08
2025-03-25,MSFT,395.16
2025-03-26,MSFT,389.97
2025-03-27,MSFT,390.58
2025-03-28,MSFT,378.8
2025-03-31,MSFT,375.39
2025-04-01,MSFT,382.19
2025-04-02,MSFT,382.14
2025-04-03,MSFT,373.11
2025-04-04,MSFT,359.84
2025-04-07,MSFT,357.86
2025-04-08,MSFT,354.56
2025-04-09,MSFT,390.49
2025-04-10,MSFT,381.35
2025-04-11,MSFT,388.45
2025-04-14,MSFT,387.81
2025-04-15,MSFT,385.73
2025-04-16,MSFT,371.61
2025-04-17,MSFT,367.78
2025-04-21,MSFT,359.12
2025-04-22,MSFT,366.82
2025-04-23,MSFT,374.39
2025-04-24,MSFT,387.3
2025-04-25,MSFT,391.85
2025-04-28,MSFT,391.16
2025-04-29,MSFT,394.04
2025-04-30,MSFT,395.26
2025-05-01,MSFT,425.4
2025-05-02,MSFT,435.28
2025-05-05,MSFT,436.17
2025-05-06,MSFT,433.31
2025-05-07,MSFT,433.35
2025-05-08,MSFT,438.17
2025-05-09,MSFT,438.73
2025-05-12,MSFT,449.26
2025-05-13,MSFT,449.14
2025-05-14,MSFT,452.94
2025-05-15,MSFT,453.13
2025-05-16,MSFT,454.27
2025-05-19,MSFT,458.87
2025-05-20,MSFT,458.17
2025-05-21,MSFT,452.57
2025-05-22,MSFT,454.86
2025-05-23,MSFT,450.18
2025-05-27,MSFT,460.69
2025-05-28,MSFT,457.36
2025-05-29,MSFT,458.68
2025-05-30,MSFT,460.36
2025-06-02,MSFT,461.97
2025-06-03,MSFT,462.97
2025-06-04,MSFT,463.87
2025-06-05,MSFT,467.68
2025-06-06,MSFT,470.38
2025-06-09,MSFT,472.75
2025-06-10,MSFT,470.92
2025-06-11,MSFT,472.62
2025-06-12,MSFT,478.87
2025-06-13,MSFT,474.96
2025-06-16,MSFT,479.14
2025-06-17,MSFT,478.04
2025-06-18,MSFT,480.24
2025-06-20,MSFT,477.4
2025-06-23,MSFT,486
2025-06-24,MSFT,490.11
2025-06-25,MSFT,492.27
2025-06-26,MSFT,497.45
2025-06-27,MSFT,495.94
2025-06-30,MSFT,497.41
2025-07-01,MSFT,492.05
2025-07-02,MSFT,491.09
2025-07-03,MSFT,498.84
2025-07-07,MSFT,497.72
2025-07-08,MSFT,496.62
2025-07-09,MSFT,503.51
2025-07-10,MSFT,501.48
2025-07-11,MSFT,503.32
2025-07-14,MSFT,503.02
2025-07-15,MSFT,505.82
2025-07-16,MSFT,505.62
2025-07-17,MSFT,511.7
2025-07-18,MSFT,510.05
2025-07-21,MSFT,510.06
2025-07-22,MSFT,505.27
2025-07-23,MSFT,505.87
2025-07-24,MSFT,510.88
2025-07-25,MSFT,513.71
2025-07-28,MSFT,512.5
2025-07-29,MSFT,512.57
2025-07-30,MSFT,513.24
2025-07-31,MSFT,533.5
2025-08-01,MSFT,524.11
2025-08-04,MSFT,535.64
2025-08-05,MSFT,527.75
2025-08-06,MSFT,524.94
2025-08-07,MSFT,520.84
2025-08-08,MSFT,522.04
2025-08-11,MSFT,521.77
2025-08-12,MSFT,529.24
2025-08-13,MSFT,520.58
2025-08-14,MSFT,522.48
2025-08-15,MSFT,520.17
2025-08-18,MSFT,517.1
2025-08-19,MSFT,509.77
2025-08-20,MSFT,505.72
2025-08-21,MSFT,504.24
2025-08-22,MSFT,507.23
2025-08-25,MSFT,504.26
2025-08-26,MSFT,502.04
2025-08-27,MSFT,506.74
2025-08-28,MSFT,509.64
2025-08-29,MSFT,506.69
2025-09-02,MSFT,505.12
2025-09-03,MSFT,505.35
2025-09-04,MSFT,507.97
2025-09-05,MSFT,495
2025-09-08,MSFT,498.2
2025-09-09,MSFT,498.41
2025-09-10,MSFT,500.37
2025-09-11,MSFT,501.01
2025-09-12,MSFT,509.9
2025-09-15,MSFT,515.36
2025-09-16,MSFT,509.04
2025-09-17,MSFT,510.02
2025-09-18,MSFT,508.45
2025-09-19,MSFT,517.93
2025-09-22,MSFT,514.45
2025-09-23,MSFT,509.23
2025-09-24,MSFT,510.15
2025-09-25,MSFT,507.03
2025-09-26,MSFT,511.46
2025-09-29,MSFT,514.6
2025-09-30,MSFT,517.95
2025-10-01,MSFT,519.71
2025-10-02,MSFT,515.74
2025-10-03,MSFT,517.35
2025-10-06,MSFT,528.57
2025-10-07,MSFT,523.98
2025-10-08,MSFT,524.85
2025-10-09,MSFT,522.4
2025-10-10,MSFT,510.96
2025-10-13,MSFT,514.05
2025-10-14,MSFT,513.57
2025-10-15,MSFT,513.43
2025-10-16,MSFT,511.61
2025-10-17,MSFT,513.58
2025-10-20,MSFT,516.79
2025-10-21,MSFT,517.66
2025-10-22,MSFT,520.54
2025-10-23,MSFT,520.56
2025-10-24,MSFT,523.61
2025-10-27,MSFT,531.52
2025-10-28,MSFT,542.07
2025-10-29,MSFT,541.55
2025-10-30,MSFT,525.76
2025-10-31,MSFT,517.81
2025-11-03,MSFT,517.03
2025-11-04,MSFT,514.33
2025-11-05,MSFT,507.16
2025-11-06,MSFT,497.1
2025-11-07,MSFT,496.82
2025-11-10,MSFT,506
2025-11-11,MSFT,508.68
2025-11-12,MSFT,511.14
2025-11-13,MSFT,503.29
2025-11-14,MSFT,510.18
2025-11-17,MSFT,507.49
2025-11-18,MSFT,493.79
2025-11-19,MSFT,487.12
2025-11-20,MSFT,478.43
2025-11-21,MSFT,472.12
2025-11-24,MSFT,474
2025-11-25,MSFT,476.99
2025-11-26,MSFT,485.5
2025-11-28,MSFT,492.01
2025-12-01,MSFT,486.74
2025-12-02,MSFT,490
2025-12-03,MSFT,477.73
2025-12-04,MSFT,480.84
2025-12-05,MSFT,483.16
2025-12-08,MSFT,491.02
2025-12-09,MSFT,492.02
2025-12-10,MSFT,478.56
2025-12-11,MSFT,483.47
2025-12-12,MSFT,478.53
2025-12-15,MSFT,474.82
2025-12-16,MSFT,476.39
2025-12-17,MSFT,476.12
2025-12-18,MSFT,483.98
2025-12-19,MSFT,485.92
2025-12-22,MSFT,484.92
2025-12-23,MSFT,486.85
2025-12-24,MSFT,488.02
2025-12-26,MSFT,487.71
2025-12-29,MSFT,487.1
2025-12-30,MSFT,487.48
2025-12-31,MSFT,483.62
2026-01-02,MSFT,472.94
2026-01-05,MSFT,472.85
2026-01-06,MSFT,478.51
2026-01-07,MSFT,483.47
2026-01-08,MSFT,478.11
2026-01-09,MSFT,479.28
2026-01-12,MSFT,477.18
2026-01-13,MSFT,470.67
2026-01-14,MSFT,459.38
2026-01-15,MSFT,456.66
2026-01-16,MSFT,459.86
2026-01-20,MSFT,454.52
2026-01-21,MSFT,444.11
2026-01-22,MSFT,451.14
2026-01-23,MSFT,465.95
2026-01-26,MSFT,470.28
2026-01-27,MSFT,480.58
2026-01-28,MSFT,481.63
2026-01-29,MSFT,433.5
2026-01-30,MSFT,430.29
2026-02-02,MSFT,423.37
2026-02-03,MSFT,411.21
2026-02-04,MSFT,414.19
2026-02-05,MSFT,393.67
2026-02-06,MSFT,401.14
2026-02-09,MSFT,413.6
2026-02-10,MSFT,413.27
2026-02-11,MSFT,404.37
2026-02-12,MSFT,401.84
2026-02-13,MSFT,401.32
2026-02-17,MSFT,396.86
2026-02-18,MSFT,399.6
2026-02-19,MSFT,398.46
2026-02-20,MSFT,397.23
2026-02-23,MSFT,384.47
2026-02-24,MSFT,389
2026-02-25,MSFT,400.6
2026-02-26,MSFT,401.72
2026-02-27,MSFT,392.74
2026-03-02,MSFT,398.55
2026-03-03,MSFT,403.93
2026-03-04,MSFT,405.2
2026-03-05,MSFT,410.68
2026-03-06,MSFT,408.96
2026-03-09,MSFT,409.41
2026-03-10,MSFT,405.76
2026-03-11,MSFT,404.88
2026-03-12,MSFT,401.86
2026-03-13,MSFT,395.55
2026-03-16,MSFT,399.95
2026-03-17,MSFT,399.41
2026-03-18,MSFT,391.79
2026-03-19,MSFT,389.02
2026-03-20,MSFT,381.87
2026-03-23,MSFT,383
2026-03-24,MSFT,372.74
2026-03-25,MSFT,371.04
2026-03-26,MSFT,365.97
2026-03-27,MSFT,356.77
2026-03-30,MSFT,358.96
2026-03-31,MSFT,370.17
2026-04-01,MSFT,369.37
2026-04-02,MSFT,373.46
2026-04-06,MSFT,372.88
2026-04-07,MSFT,372.29
2026-04-08,MSFT,374.33
2026-04-09,MSFT,373.07
2026-04-10,MSFT,370.87
2026-04-13,MSFT,384.37
2026-04-14,MSFT,393.11
2026-04-15,MSFT,411.22
2026-04-16,MSFT,420.26
2026-04-17,MSFT,422.79
2026-04-20,MSFT,418.07
2026-04-21,MSFT,424.16
2026-04-22,MSFT,432.92
2026-04-23,MSFT,415.75
2026-04-24,MSFT,424.62
2026-04-27,MSFT,424.82
2026-04-28,MSFT,429.25
2026-04-29,MSFT,424.46
2026-04-30,MSFT,407.78
2026-05-01,MSFT,414.44
2026-05-04,MSFT,413.62
2026-05-05,MSFT,411.38
2026-05-06,MSFT,413.96
2026-05-07,MSFT,420.77
2026-05-08,MSFT,415.12
2026-05-11,MSFT,412.66
2026-05-12,MSFT,407.77
2026-05-13,MSFT,405.21
2026-05-14,MSFT,409.43
2026-05-15,MSFT,421.92
2026-05-18,MSFT,423.54
2026-05-19,MSFT,417.42
2026-05-20,MSFT,421.06
2026-05-21,MSFT,419.09
2026-05-22,MSFT,418.57
2026-05-26,MSFT,416.03
2026-05-27,MSFT,412.67
2026-05-28,MSFT,426.99
2026-05-29,MSFT,450.24
2026-06-01,MSFT,460.52
2026-06-02,MSFT,441.31
2026-06-03,MSFT,427.34
2026-06-04,MSFT,428.05
2026-06-05,MSFT,416.67
2026-06-08,MSFT,411.74
2026-06-09,MSFT,403.41
2026-06-10,MSFT,397.36
2026-06-11,MSFT,390.34
2026-06-12,MSFT,390.74
2026-06-15,MSFT,399.76
2026-06-16,MSFT,393.83
2026-06-17,MSFT,378.91
2026-06-18,MSFT,379.4
2026-06-22,MSFT,367.34
2026-06-23,MSFT,373.94
2026-06-24,MSFT,365.46
2026-06-25,MSFT,352.83
2026-06-26,MSFT,372.97
2026-06-29,MSFT,368.57
2026-06-30,MSFT,373.02
2026-07-01,MSFT,384.28
2026-07-02,MSFT,390.49
2026-07-06,MSFT,386.74
2026-07-07,MSFT,388.84
2026-07-08,MSFT,383.34
2026-07-09,MSFT,384.36
2026-07-10,MSFT,385.1
2026-07-13,MSFT,390.99
2026-07-14,MSFT,384.93
2026-07-15,MSFT,395.63
2026-07-16,MSFT,401.1
2026-07-17,MSFT,393.82
2026-07-20,MSFT,402.29
2026-07-21,MSFT,397.75
2026-07-22,MSFT,390.34
2026-07-23,MSFT,381.58
2026-07-24,MSFT,381.7
2026-07-27,MSFT,389.1
2026-07-28,MSFT,393.35
2026-07-29,MSFT,390.54
2026-07-30,MSFT,451.1
2026-07-31,MSFT,464.72
2026-08-03,MSFT,487.65
2026-08-04,MSFT,492.81
2026-08-05,MSFT,487.46
2026-08-06,MSFT,499.86
2026-08-07,MSFT,499.99
2026-08-10,MSFT,506.06
2026-08-11,MSFT,503.81
2026-08-12,MSFT,492.43
2026-08-13,MSFT,496.88
2026-08-14,MSFT,495.4
2026-08-17,MSFT,480.35
2026-08-18,MSFT,481.63
2026-08-19,MSFT,484.31
2026-08-20,MSFT,481.15
2026-08-21,MSFT,483.24
2026-08-24,MSFT,487.31
2026-08-25,MSFT,491.71
2026-08-26,MSFT,496.37
2026-08-27,MSFT,505.06
2026-08-28,MSFT,513.53
2026-08-31,MSFT,507.29
2026-09-01,MSFT,501.02
2026-09-02,MSFT,496.82
2026-09-03,MSFT,510.12
2026-09-04,MSFT,499.7
2026-09-08,MSFT,493.95
2026-09-09,MSFT,491.65
2026-09-10,MSFT,492.44
2026-09-11,MSFT,495.63
2026-09-14,MSFT,505.41
2026-09-15,MSFT,497.12
2026-09-16,MSFT,490.3
2026-09-17,MSFT,497.75
2026-09-18,MSFT,493.78
2022-01-03,AMZN,170.4045
2022-01-04,AMZN,167.522
2022-01-05,AMZN,164.357
2022-01-06,AMZN,163.254
2022-01-07,AMZN,162.554
2022-01-10,AMZN,161.486
2022-01-11,AMZN,165.362
2022-01-12,AMZN,165.207
2022-01-13,AMZN,161.214
2022-01-14,AMZN,162.138
2022-01-18,AMZN,158.9175
2022-01-19,AMZN,156.299
2022-01-20,AMZN,151.6675
2022-01-21,AMZN,142.643
2022-01-24,AMZN,144.544
2022-01-25,AMZN,139.986
2022-01-26,AMZN,138.8725
2022-01-27,AMZN,139.6375
2022-01-28,AMZN,143.978
2022-01-31,AMZN,149.5735
2022-02-01,AMZN,151.1935
2022-02-02,AMZN,150.6125
2022-02-03,AMZN,138.8455
2022-02-04,AMZN,157.6395
2022-02-07,AMZN,157.9355
2022-02-08,AMZN,161.4135
2022-02-09,AMZN,161.1895
2022-02-10,AMZN,159.0035
2022-02-11,AMZN,153.2935
2022-02-14,AMZN,155.167
2022-02-15,AMZN,156.5105
2022-02-16,AMZN,158.1005
2022-02-17,AMZN,154.6525
2022-02-18,AMZN,152.6015
2022-02-22,AMZN,150.1975
2022-02-23,AMZN,144.827
2022-02-24,AMZN,151.358
2022-02-25,AMZN,153.7885
2022-02-28,AMZN,153.563
2022-03-01,AMZN,151.142
2022-03-02,AMZN,152.0525
2022-03-03,AMZN,147.8985
2022-03-04,AMZN,145.641
2022-03-07,AMZN,137.453
2022-03-08,AMZN,136.0145
2022-03-09,AMZN,139.279
2022-03-10,AMZN,146.8175
2022-03-11,AMZN,145.5245
2022-03-14,AMZN,141.853
2022-03-15,AMZN,147.3665
2022-03-16,AMZN,153.104
2022-03-17,AMZN,157.239
2022-03-18,AMZN,161.2505
2022-03-21,AMZN,161.4915
2022-03-22,AMZN,164.889
2022-03-23,AMZN,163.408
2022-03-24,AMZN,163.6495
2022-03-25,AMZN,164.7735
2022-03-28,AMZN,168.9905
2022-03-29,AMZN,169.315
2022-03-30,AMZN,166.301
2022-03-31,AMZN,162.9975
2022-04-01,AMZN,163.56
2022-04-04,AMZN,168.3465
2022-04-05,AMZN,164.055
2022-04-06,AMZN,158.756
2022-04-07,AMZN,157.7845
2022-04-08,AMZN,154.4605
2022-04-11,AMZN,151.122
2022-04-12,AMZN,150.7875
2022-04-13,AMZN,155.541
2022-04-14,AMZN,151.7065
2022-04-18,AMZN,152.785
2022-04-19,AMZN,158.1155
2022-04-20,AMZN,153.998
2022-04-21,AMZN,148.296
2022-04-22,AMZN,144.35
2022-04-25,AMZN,146.074
2022-04-26,AMZN,139.391
2022-04-27,AMZN,138.167
2022-04-28,AMZN,144.5965
2022-04-29,AMZN,124.2815
2022-05-02,AMZN,124.5
2022-05-03,AMZN,124.2535
2022-05-04,AMZN,125.9285
2022-05-05,AMZN,116.407
2022-05-06,AMZN,114.7725
2022-05-09,AMZN,108.789
2022-05-10,AMZN,108.859
2022-05-11,AMZN,105.372
2022-05-12,AMZN,106.9305
2022-05-13,AMZN,113.055
2022-05-16,AMZN,110.8105
2022-05-17,AMZN,115.3685
2022-05-18,AMZN,107.1125
2022-05-19,AMZN,107.319
2022-05-20,AMZN,107.591
2022-05-23,AMZN,107.557
2022-05-24,AMZN,104.1
2022-05-25,AMZN,106.775
2022-05-26,AMZN,111.0775
2022-05-27,AMZN,115.1465
2022-05-31,AMZN,120.2095
2022-06-01,AMZN,121.684
2022-06-02,AMZN,125.511
2022-06-03,AMZN,122.35
2022-06-06,AMZN,124.79
2022-06-07,AMZN,123
2022-06-08,AMZN,121.18
2022-06-09,AMZN,116.15
2022-06-10,AMZN,109.65
2022-06-13,AMZN,103.67
2022-06-14,AMZN,102.31
2022-06-15,AMZN,107.67
2022-06-16,AMZN,103.66
2022-06-17,AMZN,106.22
2022-06-21,AMZN,108.68
2022-06-22,AMZN,108.95
2022-06-23,AMZN,112.44
2022-06-24,AMZN,116.46
2022-06-27,AMZN,113.22
2022-06-28,AMZN,107.4
2022-06-29,AMZN,108.92
2022-06-30,AMZN,106.21
2022-07-01,AMZN,109.56
2022-07-05,AMZN,113.5
2022-07-06,AMZN,114.33
2022-07-07,AMZN,116.33
2022-07-08,AMZN,115.54
2022-07-11,AMZN,111.75
2022-07-12,AMZN,109.22
2022-07-13,AMZN,110.4
2022-07-14,AMZN,110.63
2022-07-15,AMZN,113.55
2022-07-18,AMZN,113.76
2022-07-19,AMZN,118.21
2022-07-20,AMZN,122.77
2022-07-21,AMZN,124.63
2022-07-22,AMZN,122.42
2022-07-25,AMZN,121.14
2022-07-26,AMZN,114.81
2022-07-27,AMZN,120.97
2022-07-28,AMZN,122.28
2022-07-29,AMZN,134.95
2022-08-01,AMZN,135.39
2022-08-02,AMZN,134.16
2022-08-03,AMZN,139.52
2022-08-04,AMZN,142.57
2022-08-05,AMZN,140.8
2022-08-08,AMZN,139.41
2022-08-09,AMZN,137.83
2022-08-10,AMZN,142.69
2022-08-11,AMZN,140.64
2022-08-12,AMZN,143.55
2022-08-15,AMZN,143.18
2022-08-16,AMZN,144.78
2022-08-17,AMZN,142.1
2022-08-18,AMZN,142.3
2022-08-19,AMZN,138.23
2022-08-22,AMZN,133.22
2022-08-23,AMZN,133.62
2022-08-24,AMZN,133.8
2022-08-25,AMZN,137.28
2022-08-26,AMZN,130.75
2022-08-29,AMZN,129.79
2022-08-30,AMZN,128.73
2022-08-31,AMZN,126.77
2022-09-01,AMZN,127.82
2022-09-02,AMZN,127.51
2022-09-06,AMZN,126.11
2022-09-07,AMZN,129.48
2022-09-08,AMZN,129.82
2022-09-09,AMZN,133.27
2022-09-12,AMZN,136.45
2022-09-13,AMZN,126.82
2022-09-14,AMZN,128.55
2022-09-15,AMZN,126.28
2022-09-16,AMZN,123.53
2022-09-19,AMZN,124.66
2022-09-20,AMZN,122.19
2022-09-21,AMZN,118.54
2022-09-22,AMZN,117.31
2022-09-23,AMZN,113.78
2022-09-26,AMZN,115.15
2022-09-27,AMZN,114.41
2022-09-28,AMZN,118.01
2022-09-29,AMZN,114.8
2022-09-30,AMZN,113
2022-10-03,AMZN,115.88
2022-10-04,AMZN,121.09
2022-10-05,AMZN,120.95
2022-10-06,AMZN,120.3
2022-10-07,AMZN,114.56
2022-10-10,AMZN,113.67
2022-10-11,AMZN,112.21
2022-10-12,AMZN,112.9
2022-10-13,AMZN,112.53
2022-10-14,AMZN,106.9
2022-10-17,AMZN,113.79
2022-10-18,AMZN,116.36
2022-10-19,AMZN,115.07
2022-10-20,AMZN,115.25
2022-10-21,AMZN,119.32
2022-10-24,AMZN,119.82
2022-10-25,AMZN,120.6
2022-10-26,AMZN,115.66
2022-10-27,AMZN,110.96
2022-10-28,AMZN,103.41
2022-10-31,AMZN,102.44
2022-11-01,AMZN,96.79
2022-11-02,AMZN,92.12
2022-11-03,AMZN,89.3
2022-11-04,AMZN,90.98
2022-11-07,AMZN,90.53
2022-11-08,AMZN,89.98
2022-11-09,AMZN,86.14
2022-11-10,AMZN,96.63
2022-11-11,AMZN,100.79
2022-11-14,AMZN,98.49
2022-11-15,AMZN,98.94
2022-11-16,AMZN,97.12
2022-11-17,AMZN,94.85
2022-11-18,AMZN,94.14
2022-11-21,AMZN,92.46
2022-11-22,AMZN,93.2
2022-11-23,AMZN,94.13
2022-11-25,AMZN,93.41
2022-11-28,AMZN,93.95
2022-11-29,AMZN,92.42
2022-11-30,AMZN,96.54
2022-12-01,AMZN,95.5
2022-12-02,AMZN,94.13
2022-12-05,AMZN,91.01
2022-12-06,AMZN,88.25
2022-12-07,AMZN,88.46
2022-12-08,AMZN,90.35
2022-12-09,AMZN,89.09
2022-12-12,AMZN,90.55
2022-12-13,AMZN,92.49
2022-12-14,AMZN,91.58
2022-12-15,AMZN,88.45
2022-12-16,AMZN,87.86
2022-12-19,AMZN,84.92
2022-12-20,AMZN,85.19
2022-12-21,AMZN,86.77
2022-12-22,AMZN,83.79
2022-12-23,AMZN,85.25
2022-12-27,AMZN,83.04
2022-12-28,AMZN,81.82
2022-12-29,AMZN,84.18
2022-12-30,AMZN,84
2023-01-03,AMZN,85.82
2023-01-04,AMZN,85.14
2023-01-05,AMZN,83.12
2023-01-06,AMZN,86.08
2023-01-09,AMZN,87.36
2023-01-10,AMZN,89.87
2023-01-11,AMZN,95.09
2023-01-12,AMZN,95.27
2023-01-13,AMZN,98.12
2023-01-17,AMZN,96.05
2023-01-18,AMZN,95.46
2023-01-19,AMZN,93.68
2023-01-20,AMZN,97.25
2023-01-23,AMZN,97.52
2023-01-24,AMZN,96.32
2023-01-25,AMZN,97.18
2023-01-26,AMZN,99.22
2023-01-27,AMZN,102.24
2023-01-30,AMZN,100.55
2023-01-31,AMZN,103.13
2023-02-01,AMZN,105.15
2023-02-02,AMZN,112.91
2023-02-03,AMZN,103.39
2023-02-06,AMZN,102.18
2023-02-07,AMZN,102.11
2023-02-08,AMZN,100.05
2023-02-09,AMZN,98.24
2023-02-10,AMZN,97.61
2023-02-13,AMZN,99.54
2023-02-14,AMZN,99.7
2023-02-15,AMZN,101.16
2023-02-16,AMZN,98.15
2023-02-17,AMZN,97.2
2023-02-21,AMZN,94.58
2023-02-22,AMZN,95.79
2023-02-23,AMZN,95.82
2023-02-24,AMZN,93.5
2023-02-27,AMZN,93.76
2023-02-28,AMZN,94.23
2023-03-01,AMZN,92.17
2023-03-02,AMZN,92.13
2023-03-03,AMZN,94.9
2023-03-06,AMZN,93.75
2023-03-07,AMZN,93.55
2023-03-08,AMZN,93.92
2023-03-09,AMZN,92.25
2023-03-10,AMZN,90.73
2023-03-13,AMZN,92.43
2023-03-14,AMZN,94.88
2023-03-15,AMZN,96.2
2023-03-16,AMZN,100.04
2023-03-17,AMZN,98.95
2023-03-20,AMZN,97.71
2023-03-21,AMZN,100.61
2023-03-22,AMZN,98.7
2023-03-23,AMZN,98.71
2023-03-24,AMZN,98.13
2023-03-27,AMZN,98.04
2023-03-28,AMZN,97.24
2023-03-29,AMZN,100.25
2023-03-30,AMZN,102
2023-03-31,AMZN,103.29
2023-04-03,AMZN,102.41
2023-04-04,AMZN,103.95
2023-04-05,AMZN,101.1
2023-04-06,AMZN,102.06
2023-04-10,AMZN,102.17
2023-04-11,AMZN,99.92
2023-04-12,AMZN,97.83
2023-04-13,AMZN,102.4
2023-04-14,AMZN,102.51
2023-04-17,AMZN,102.74
2023-04-18,AMZN,102.3
2023-04-19,AMZN,104.3
2023-04-20,AMZN,103.81
2023-04-21,AMZN,106.96
2023-04-24,AMZN,106.21
2023-04-25,AMZN,102.57
2023-04-26,AMZN,104.98
2023-04-27,AMZN,109.82
2023-04-28,AMZN,105.45
2023-05-01,AMZN,102.05
2023-05-02,AMZN,103.63
2023-05-03,AMZN,103.65
2023-05-04,AMZN,104
2023-05-05,AMZN,105.66
2023-05-08,AMZN,105.83
2023-05-09,AMZN,106.62
2023-05-10,AMZN,110.19
2023-05-11,AMZN,112.18
2023-05-12,AMZN,110.26
2023-05-15,AMZN,111.2
2023-05-16,AMZN,113.4
2023-05-17,AMZN,115.5
2023-05-18,AMZN,118.15
2023-05-19,AMZN,116.25
2023-05-22,AMZN,115.01
2023-05-23,AMZN,114.99
2023-05-24,AMZN,116.75
2023-05-25,AMZN,115
2023-05-26,AMZN,120.11
2023-05-30,AMZN,121.66
2023-05-31,AMZN,120.58
2023-06-01,AMZN,122.77
2023-06-02,AMZN,124.25
2023-06-05,AMZN,125.3
2023-06-06,AMZN,126.61
2023-06-07,AMZN,121.23
2023-06-08,AMZN,124.25
2023-06-09,AMZN,123.43
2023-06-12,AMZN,126.57
2023-06-13,AMZN,126.66
2023-06-14,AMZN,126.42
2023-06-15,AMZN,127.11
2023-06-16,AMZN,125.49
2023-06-20,AMZN,125.78
2023-06-21,AMZN,124.83
2023-06-22,AMZN,130.15
2023-06-23,AMZN,129.33
2023-06-26,AMZN,127.33
2023-06-27,AMZN,129.18
2023-06-28,AMZN,129.04
2023-06-29,AMZN,127.9
2023-06-30,AMZN,130.36
2023-07-03,AMZN,130.22
2023-07-05,AMZN,130.38
2023-07-06,AMZN,128.36
2023-07-07,AMZN,129.78
2023-07-10,AMZN,127.13
2023-07-11,AMZN,128.78
2023-07-12,AMZN,130.8
2023-07-13,AMZN,134.3
2023-07-14,AMZN,134.68
2023-07-17,AMZN,133.56
2023-07-18,AMZN,132.83
2023-07-19,AMZN,135.36
2023-07-20,AMZN,129.96
2023-07-21,AMZN,130
2023-07-24,AMZN,128.8
2023-07-25,AMZN,129.13
2023-07-26,AMZN,128.15
2023-07-27,AMZN,128.25
2023-07-28,AMZN,132.21
2023-07-31,AMZN,133.68
2023-08-01,AMZN,131.69
2023-08-02,AMZN,128.21
2023-08-03,AMZN,128.91
2023-08-04,AMZN,139.57
2023-08-07,AMZN,142.22
2023-08-08,AMZN,139.94
2023-08-09,AMZN,137.85
2023-08-10,AMZN,138.56
2023-08-11,AMZN,138.41
2023-08-14,AMZN,140.57
2023-08-15,AMZN,137.67
2023-08-16,AMZN,135.07
2023-08-17,AMZN,133.98
2023-08-18,AMZN,133.22
2023-08-21,AMZN,134.68
2023-08-22,AMZN,134.25
2023-08-23,AMZN,135.52
2023-08-24,AMZN,131.84
2023-08-25,AMZN,133.26
2023-08-28,AMZN,133.14
2023-08-29,AMZN,134.91
2023-08-30,AMZN,135.07
2023-08-31,AMZN,138.01
2023-09-01,AMZN,138.12
2023-09-05,AMZN,137.27
2023-09-06,AMZN,135.36
2023-09-07,AMZN,137.85
2023-09-08,AMZN,138.23
2023-09-11,AMZN,143.1
2023-09-12,AMZN,141.23
2023-09-13,AMZN,144.85
2023-09-14,AMZN,144.72
2023-09-15,AMZN,140.39
2023-09-18,AMZN,139.98
2023-09-19,AMZN,137.63
2023-09-20,AMZN,135.29
2023-09-21,AMZN,129.33
2023-09-22,AMZN,129.12
2023-09-25,AMZN,131.27
2023-09-26,AMZN,125.98
2023-09-27,AMZN,125.98
2023-09-28,AMZN,125.98
2023-09-29,AMZN,127.12
2023-10-02,AMZN,129.46
2023-10-03,AMZN,124.72
2023-10-04,AMZN,127
2023-10-05,AMZN,125.96
2023-10-06,AMZN,127.96
2023-10-09,AMZN,128.26
2023-10-10,AMZN,129.48
2023-10-11,AMZN,131.83
2023-10-12,AMZN,132.33
2023-10-13,AMZN,129.79
2023-10-16,AMZN,132.55
2023-10-17,AMZN,131.47
2023-10-18,AMZN,128.13
2023-10-19,AMZN,128.4
2023-10-20,AMZN,125.17
2023-10-23,AMZN,126.56
2023-10-24,AMZN,128.56
2023-10-25,AMZN,121.39
2023-10-26,AMZN,119.57
2023-10-27,AMZN,127.74
2023-10-30,AMZN,132.71
2023-10-31,AMZN,133.09
2023-11-01,AMZN,137
2023-11-02,AMZN,138.07
2023-11-03,AMZN,138.6
2023-11-06,AMZN,139.74
2023-11-07,AMZN,142.71
2023-11-08,AMZN,142.08
2023-11-09,AMZN,140.6
2023-11-10,AMZN,143.56
2023-11-13,AMZN,142.59
2023-11-14,AMZN,145.8
2023-11-15,AMZN,143.2
2023-11-16,AMZN,142.83
2023-11-17,AMZN,145.18
2023-11-20,AMZN,146.13
2023-11-21,AMZN,143.9
2023-11-22,AMZN,146.71
2023-11-24,AMZN,146.74
2023-11-27,AMZN,147.73
2023-11-28,AMZN,147.03
2023-11-29,AMZN,146.32
2023-11-30,AMZN,146.09
2023-12-01,AMZN,147.03
2023-12-04,AMZN,144.84
2023-12-05,AMZN,146.88
2023-12-06,AMZN,144.52
2023-12-07,AMZN,146.88
2023-12-08,AMZN,147.42
2023-12-11,AMZN,145.89
2023-12-12,AMZN,147.48
2023-12-13,AMZN,148.84
2023-12-14,AMZN,147.42
2023-12-15,AMZN,149.97
2023-12-18,AMZN,154.07
2023-12-19,AMZN,153.79
2023-12-20,AMZN,152.12
2023-12-21,AMZN,153.84
2023-12-22,AMZN,153.42
2023-12-26,AMZN,153.41
2023-12-27,AMZN,153.34
2023-12-28,AMZN,153.38
2023-12-29,AMZN,151.94
2024-01-02,AMZN,149.93
2024-01-03,AMZN,148.47
2024-01-04,AMZN,144.57
2024-01-05,AMZN,145.24
2024-01-08,AMZN,149.1
2024-01-09,AMZN,151.37
2024-01-10,AMZN,153.73
2024-01-11,AMZN,155.18
2024-01-12,AMZN,154.62
2024-01-16,AMZN,153.16
2024-01-17,AMZN,151.71
2024-01-18,AMZN,153.5
2024-01-19,AMZN,155.34
2024-01-22,AMZN,154.78
2024-01-23,AMZN,156.02
2024-01-24,AMZN,156.87
2024-01-25,AMZN,157.75
2024-01-26,AMZN,159.12
2024-01-29,AMZN,161.26
2024-01-30,AMZN,159
2024-01-31,AMZN,155.2
2024-02-01,AMZN,159.28
2024-02-02,AMZN,171.81
2024-02-05,AMZN,170.31
2024-02-06,AMZN,169.15
2024-02-07,AMZN,170.53
2024-02-08,AMZN,169.84
2024-02-09,AMZN,174.45
2024-02-12,AMZN,172.34
2024-02-13,AMZN,168.64
2024-02-14,AMZN,170.98
2024-02-15,AMZN,169.8
2024-02-16,AMZN,169.51
2024-02-20,AMZN,167.08
2024-02-21,AMZN,168.59
2024-02-22,AMZN,174.58
2024-02-23,AMZN,174.99
2024-02-26,AMZN,174.73
2024-02-27,AMZN,173.54
2024-02-28,AMZN,173.16
2024-02-29,AMZN,176.76
2024-03-01,AMZN,178.22
2024-03-04,AMZN,177.58
2024-03-05,AMZN,174.12
2024-03-06,AMZN,173.51
2024-03-07,AMZN,176.82
2024-03-08,AMZN,175.35
2024-03-11,AMZN,171.96
2024-03-12,AMZN,175.39
2024-03-13,AMZN,176.56
2024-03-14,AMZN,178.75
2024-03-15,AMZN,174.42
2024-03-18,AMZN,174.48
2024-03-19,AMZN,175.9
2024-03-20,AMZN,178.15
2024-03-21,AMZN,178.15
2024-03-22,AMZN,178.87
2024-03-25,AMZN,179.71
2024-03-26,AMZN,178.3
2024-03-27,AMZN,179.83
2024-03-28,AMZN,180.38
2024-04-01,AMZN,180.97
2024-04-02,AMZN,180.69
2024-04-03,AMZN,182.41
2024-04-04,AMZN,180
2024-04-05,AMZN,185.07
2024-04-08,AMZN,185.19
2024-04-09,AMZN,185.67
2024-04-10,AMZN,185.95
2024-04-11,AMZN,189.05
2024-04-12,AMZN,186.13
2024-04-15,AMZN,183.62
2024-04-16,AMZN,183.32
2024-04-17,AMZN,181.28
2024-04-18,AMZN,179.22
2024-04-19,AMZN,174.63
2024-04-22,AMZN,177.23
2024-04-23,AMZN,179.54
2024-04-24,AMZN,176.59
2024-04-25,AMZN,173.67
2024-04-26,AMZN,179.62
2024-04-29,AMZN,180.96
2024-04-30,AMZN,175
2024-05-01,AMZN,179
2024-05-02,AMZN,184.72
2024-05-03,AMZN,186.21
2024-05-06,AMZN,188.7
2024-05-07,AMZN,188.76
2024-05-08,AMZN,188
2024-05-09,AMZN,189.5
2024-05-10,AMZN,187.48
2024-05-13,AMZN,186.57
2024-05-14,AMZN,187.07
2024-05-15,AMZN,185.99
2024-05-16,AMZN,183.63
2024-05-17,AMZN,184.7
2024-05-20,AMZN,183.54
2024-05-21,AMZN,183.15
2024-05-22,AMZN,183.13
2024-05-23,AMZN,181.05
2024-05-24,AMZN,180.75
2024-05-28,AMZN,182.15
2024-05-29,AMZN,182.02
2024-05-30,AMZN,179.32
2024-05-31,AMZN,176.44
2024-06-03,AMZN,178.34
2024-06-04,AMZN,179.34
2024-06-05,AMZN,181.28
2024-06-06,AMZN,185
2024-06-07,AMZN,184.3
2024-06-10,AMZN,187.06
2024-06-11,AMZN,187.23
2024-06-12,AMZN,186.89
2024-06-13,AMZN,183.83
2024-06-14,AMZN,183.66
2024-06-17,AMZN,184.06
2024-06-18,AMZN,182.81
2024-06-20,AMZN,186.1
2024-06-21,AMZN,189.08
2024-06-24,AMZN,185.57
2024-06-25,AMZN,186.34
2024-06-26,AMZN,193.61
2024-06-27,AMZN,197.85
2024-06-28,AMZN,193.25
2024-07-01,AMZN,197.2
2024-07-02,AMZN,200
2024-07-03,AMZN,197.59
2024-07-05,AMZN,200
2024-07-08,AMZN,199.29
2024-07-09,AMZN,199.34
2024-07-10,AMZN,199.79
2024-07-11,AMZN,195.05
2024-07-12,AMZN,194.49
2024-07-15,AMZN,192.72
2024-07-16,AMZN,193.02
2024-07-17,AMZN,187.93
2024-07-18,AMZN,183.75
2024-07-19,AMZN,183.13
2024-07-22,AMZN,182.55
2024-07-23,AMZN,186.41
2024-07-24,AMZN,180.83
2024-07-25,AMZN,179.85
2024-07-26,AMZN,182.5
2024-07-29,AMZN,183.2
2024-07-30,AMZN,181.71
2024-07-31,AMZN,186.98
2024-08-01,AMZN,184.07
2024-08-02,AMZN,167.9
2024-08-05,AMZN,161.02
2024-08-06,AMZN,161.93
2024-08-07,AMZN,162.77
2024-08-08,AMZN,165.8
2024-08-09,AMZN,166.94
2024-08-12,AMZN,166.8
2024-08-13,AMZN,170.23
2024-08-14,AMZN,170.1
2024-08-15,AMZN,177.59
2024-08-16,AMZN,177.06
2024-08-19,AMZN,178.22
2024-08-20,AMZN,178.88
2024-08-21,AMZN,180.11
2024-08-22,AMZN,176.13
2024-08-23,AMZN,177.04
2024-08-26,AMZN,175.5
2024-08-27,AMZN,173.12
2024-08-28,AMZN,170.8
2024-08-29,AMZN,172.12
2024-08-30,AMZN,178.5
2024-09-03,AMZN,176.25
2024-09-04,AMZN,173.33
2024-09-05,AMZN,177.89
2024-09-06,AMZN,171.39
2024-09-09,AMZN,175.4
2024-09-10,AMZN,179.55
2024-09-11,AMZN,184.52
2024-09-12,AMZN,187
2024-09-13,AMZN,186.49
2024-09-16,AMZN,184.89
2024-09-17,AMZN,186.88
2024-09-18,AMZN,186.43
2024-09-19,AMZN,189.87
2024-09-20,AMZN,191.6
2024-09-23,AMZN,193.88
2024-09-24,AMZN,193.96
2024-09-25,AMZN,192.53
2024-09-26,AMZN,191.16
2024-09-27,AMZN,187.97
2024-09-30,AMZN,186.33
2024-10-01,AMZN,185.13
2024-10-02,AMZN,184.76
2024-10-03,AMZN,181.96
2024-10-04,AMZN,186.51
2024-10-07,AMZN,180.8
2024-10-08,AMZN,182.72
2024-10-09,AMZN,185.17
2024-10-10,AMZN,186.65
2024-10-11,AMZN,188.82
2024-10-14,AMZN,187.54
2024-10-15,AMZN,187.69
2024-10-16,AMZN,186.89
2024-10-17,AMZN,187.53
2024-10-18,AMZN,188.99
2024-10-21,AMZN,189.07
2024-10-22,AMZN,189.7
2024-10-23,AMZN,184.71
2024-10-24,AMZN,186.38
2024-10-25,AMZN,187.83
2024-10-28,AMZN,188.39
2024-10-29,AMZN,190.83
2024-10-30,AMZN,192.73
2024-10-31,AMZN,186.4
2024-11-01,AMZN,197.93
2024-11-04,AMZN,195.78
2024-11-05,AMZN,199.5
2024-11-06,AMZN,207.09
2024-11-07,AMZN,210.05
2024-11-08,AMZN,208.18
2024-11-11,AMZN,206.84
2024-11-12,AMZN,208.91
2024-11-13,AMZN,214.1
2024-11-14,AMZN,211.48
2024-11-15,AMZN,202.61
2024-11-18,AMZN,201.7
2024-11-19,AMZN,204.61
2024-11-20,AMZN,202.88
2024-11-21,AMZN,198.38
2024-11-22,AMZN,197.12
2024-11-25,AMZN,201.45
2024-11-26,AMZN,207.86
2024-11-27,AMZN,205.74
2024-11-29,AMZN,207.89
2024-12-02,AMZN,210.71
2024-12-03,AMZN,213.44
2024-12-04,AMZN,218.16
2024-12-05,AMZN,220.55
2024-12-06,AMZN,227.03
2024-12-09,AMZN,226.09
2024-12-10,AMZN,225.04
2024-12-11,AMZN,230.26
2024-12-12,AMZN,228.97
2024-12-13,AMZN,227.46
2024-12-16,AMZN,232.93
2024-12-17,AMZN,231.15
2024-12-18,AMZN,220.52
2024-12-19,AMZN,223.29
2024-12-20,AMZN,224.92
2024-12-23,AMZN,225.06
2024-12-24,AMZN,229.05
2024-12-26,AMZN,227.05
2024-12-27,AMZN,223.75
2024-12-30,AMZN,221.3
2024-12-31,AMZN,219.39
2025-01-02,AMZN,220.22
2025-01-03,AMZN,224.19
2025-01-06,AMZN,227.61
2025-01-07,AMZN,222.11
2025-01-08,AMZN,222.13
2025-01-10,AMZN,218.94
2025-01-13,AMZN,218.46
2025-01-14,AMZN,217.76
2025-01-15,AMZN,223.35
2025-01-16,AMZN,220.66
2025-01-17,AMZN,225.94
2025-01-21,AMZN,230.71
2025-01-22,AMZN,235.01
2025-01-23,AMZN,235.42
2025-01-24,AMZN,234.85
2025-01-27,AMZN,235.42
2025-01-28,AMZN,238.15
2025-01-29,AMZN,237.07
2025-01-30,AMZN,234.64
2025-01-31,AMZN,237.68
2025-02-03,AMZN,237.42
2025-02-04,AMZN,242.06
2025-02-05,AMZN,236.17
2025-02-06,AMZN,238.83
2025-02-07,AMZN,229.15
2025-02-10,AMZN,233.14
2025-02-11,AMZN,232.76
2025-02-12,AMZN,228.93
2025-02-13,AMZN,230.37
2025-02-14,AMZN,228.68
2025-02-18,AMZN,226.65
2025-02-19,AMZN,226.63
2025-02-20,AMZN,222.88
2025-02-21,AMZN,216.58
2025-02-24,AMZN,212.71
2025-02-25,AMZN,212.8
2025-02-26,AMZN,214.35
2025-02-27,AMZN,208.74
2025-02-28,AMZN,212.28
2025-03-03,AMZN,205.02
2025-03-04,AMZN,203.8
2025-03-05,AMZN,208.36
2025-03-06,AMZN,200.7
2025-03-07,AMZN,199.25
2025-03-10,AMZN,194.54
2025-03-11,AMZN,196.59
2025-03-12,AMZN,198.89
2025-03-13,AMZN,193.89
2025-03-14,AMZN,197.95
2025-03-17,AMZN,195.74
2025-03-18,AMZN,192.82
2025-03-19,AMZN,195.54
2025-03-20,AMZN,194.95
2025-03-21,AMZN,196.21
2025-03-24,AMZN,203.26
2025-03-25,AMZN,205.71
2025-03-26,AMZN,201.13
2025-03-27,AMZN,201.36
2025-03-28,AMZN,192.72
2025-03-31,AMZN,190.26
2025-04-01,AMZN,192.17
2025-04-02,AMZN,196.01
2025-04-03,AMZN,178.41
2025-04-04,AMZN,171
2025-04-07,AMZN,175.26
2025-04-08,AMZN,170.66
2025-04-09,AMZN,191.1
2025-04-10,AMZN,181.22
2025-04-11,AMZN,184.87
2025-04-14,AMZN,182.12
2025-04-15,AMZN,179.59
2025-04-16,AMZN,174.33
2025-04-17,AMZN,172.61
2025-04-21,AMZN,167.32
2025-04-22,AMZN,173.18
2025-04-23,AMZN,180.6
2025-04-24,AMZN,186.54
2025-04-25,AMZN,188.99
2025-04-28,AMZN,187.7
2025-04-29,AMZN,187.39
2025-04-30,AMZN,184.42
2025-05-01,AMZN,190.2
2025-05-02,AMZN,189.98
2025-05-05,AMZN,186.35
2025-05-06,AMZN,185.01
2025-05-07,AMZN,188.71
2025-05-08,AMZN,192.08
2025-05-09,AMZN,193.06
2025-05-12,AMZN,208.64
2025-05-13,AMZN,211.37
2025-05-14,AMZN,210.25
2025-05-15,AMZN,205.17
2025-05-16,AMZN,205.59
2025-05-19,AMZN,206.16
2025-05-20,AMZN,204.07
2025-05-21,AMZN,201.12
2025-05-22,AMZN,203.1
2025-05-23,AMZN,200.99
2025-05-27,AMZN,206.02
2025-05-28,AMZN,204.72
2025-05-29,AMZN,205.7
2025-05-30,AMZN,205.01
2025-06-02,AMZN,206.65
2025-06-03,AMZN,205.71
2025-06-04,AMZN,207.23
2025-06-05,AMZN,207.91
2025-06-06,AMZN,213.57
2025-06-09,AMZN,216.98
2025-06-10,AMZN,217.61
2025-06-11,AMZN,213.2
2025-06-12,AMZN,213.24
2025-06-13,AMZN,212.1
2025-06-16,AMZN,216.1
2025-06-17,AMZN,214.82
2025-06-18,AMZN,212.52
2025-06-20,AMZN,209.69
2025-06-23,AMZN,208.47
2025-06-24,AMZN,212.77
2025-06-25,AMZN,211.99
2025-06-26,AMZN,217.12
2025-06-27,AMZN,223.3
2025-06-30,AMZN,219.39
2025-07-01,AMZN,220.46
2025-07-02,AMZN,219.92
2025-07-03,AMZN,223.41
2025-07-07,AMZN,223.47
2025-07-08,AMZN,219.36
2025-07-09,AMZN,222.54
2025-07-10,AMZN,222.26
2025-07-11,AMZN,225.02
2025-07-14,AMZN,225.69
2025-07-15,AMZN,226.35
2025-07-16,AMZN,223.19
2025-07-17,AMZN,223.88
2025-07-18,AMZN,226.13
2025-07-21,AMZN,229.3
2025-07-22,AMZN,227.47
2025-07-23,AMZN,228.29
2025-07-24,AMZN,232.23
2025-07-25,AMZN,231.44
2025-07-28,AMZN,232.79
2025-07-29,AMZN,231.01
2025-07-30,AMZN,230.19
2025-07-31,AMZN,234.11
2025-08-01,AMZN,214.75
2025-08-04,AMZN,211.65
2025-08-05,AMZN,213.75
2025-08-06,AMZN,222.31
2025-08-07,AMZN,223.13
2025-08-08,AMZN,222.69
2025-08-11,AMZN,221.3
2025-08-12,AMZN,221.47
2025-08-13,AMZN,224.56
2025-08-14,AMZN,230.98
2025-08-15,AMZN,231.03
2025-08-18,AMZN,231.49
2025-08-19,AMZN,228.01
2025-08-20,AMZN,223.81
2025-08-21,AMZN,221.95
2025-08-22,AMZN,228.84
2025-08-25,AMZN,227.94
2025-08-26,AMZN,228.71
2025-08-27,AMZN,229.12
2025-08-28,AMZN,231.6
2025-08-29,AMZN,229
2025-09-02,AMZN,225.34
2025-09-03,AMZN,225.99
2025-09-04,AMZN,235.68
2025-09-05,AMZN,232.33
2025-09-08,AMZN,235.84
2025-09-09,AMZN,238.24
2025-09-10,AMZN,230.33
2025-09-11,AMZN,229.95
2025-09-12,AMZN,228.15
2025-09-15,AMZN,231.43
2025-09-16,AMZN,234.05
2025-09-17,AMZN,231.62
2025-09-18,AMZN,231.23
2025-09-19,AMZN,231.48
2025-09-22,AMZN,227.63
2025-09-23,AMZN,220.71
2025-09-24,AMZN,220.21
2025-09-25,AMZN,218.15
2025-09-26,AMZN,219.78
2025-09-29,AMZN,222.17
2025-09-30,AMZN,219.57
2025-10-01,AMZN,220.63
2025-10-02,AMZN,222.41
2025-10-03,AMZN,219.51
2025-10-06,AMZN,220.9
2025-10-07,AMZN,221.78
2025-10-08,AMZN,225.22
2025-10-09,AMZN,227.74
2025-10-10,AMZN,216.37
2025-10-13,AMZN,220.07
2025-10-14,AMZN,216.39
2025-10-15,AMZN,215.57
2025-10-16,AMZN,214.47
2025-10-17,AMZN,213.04
2025-10-20,AMZN,216.48
2025-10-21,AMZN,222.03
2025-10-22,AMZN,217.95
2025-10-23,AMZN,221.09
2025-10-24,AMZN,224.21
2025-10-27,AMZN,226.97
2025-10-28,AMZN,229.25
2025-10-29,AMZN,230.3
2025-10-30,AMZN,222.86
2025-10-31,AMZN,244.22
2025-11-03,AMZN,254
2025-11-04,AMZN,249.32
2025-11-05,AMZN,250.2
2025-11-06,AMZN,243.04
2025-11-07,AMZN,244.41
2025-11-10,AMZN,248.4
2025-11-11,AMZN,249.1
2025-11-12,AMZN,244.2
2025-11-13,AMZN,237.58
2025-11-14,AMZN,234.69
2025-11-17,AMZN,232.87
2025-11-18,AMZN,222.55
2025-11-19,AMZN,222.69
2025-11-20,AMZN,217.14
2025-11-21,AMZN,220.69
2025-11-24,AMZN,226.28
2025-11-25,AMZN,229.67
2025-11-26,AMZN,229.16
2025-11-28,AMZN,233.22
2025-12-01,AMZN,233.88
2025-12-02,AMZN,234.42
2025-12-03,AMZN,232.38
2025-12-04,AMZN,229.11
2025-12-05,AMZN,229.53
2025-12-08,AMZN,226.89
2025-12-09,AMZN,227.92
2025-12-10,AMZN,231.78
2025-12-11,AMZN,230.28
2025-12-12,AMZN,226.19
2025-12-15,AMZN,222.54
2025-12-16,AMZN,222.56
2025-12-17,AMZN,221.27
2025-12-18,AMZN,226.76
2025-12-19,AMZN,227.35
2025-12-22,AMZN,228.43
2025-12-23,AMZN,232.14
2025-12-24,AMZN,232.38
2025-12-26,AMZN,232.52
2025-12-29,AMZN,232.07
2025-12-30,AMZN,232.53
2025-12-31,AMZN,230.82
2026-01-02,AMZN,226.5
2026-01-05,AMZN,233.06
2026-01-06,AMZN,240.93
2026-01-07,AMZN,241.56
2026-01-08,AMZN,246.29
2026-01-09,AMZN,247.38
2026-01-12,AMZN,246.47
2026-01-13,AMZN,242.6
2026-01-14,AMZN,236.65
2026-01-15,AMZN,238.18
2026-01-16,AMZN,239.12
2026-01-20,AMZN,231
2026-01-21,AMZN,231.31
2026-01-22,AMZN,234.34
2026-01-23,AMZN,239.16
2026-01-26,AMZN,238.42
2026-01-27,AMZN,244.68
2026-01-28,AMZN,243.01
2026-01-29,AMZN,241.73
2026-01-30,AMZN,239.3
2026-02-02,AMZN,242.96
2026-02-03,AMZN,238.62
2026-02-04,AMZN,232.99
2026-02-05,AMZN,222.69
2026-02-06,AMZN,210.32
2026-02-09,AMZN,208.72
2026-02-10,AMZN,206.96
2026-02-11,AMZN,204.08
2026-02-12,AMZN,199.6
2026-02-13,AMZN,198.79
2026-02-17,AMZN,201.15
2026-02-18,AMZN,204.79
2026-02-19,AMZN,204.86
2026-02-20,AMZN,210.11
2026-02-23,AMZN,205.27
2026-02-24,AMZN,208.56
2026-02-25,AMZN,210.64
2026-02-26,AMZN,207.92
2026-02-27,AMZN,210
2026-03-02,AMZN,208.39
2026-03-03,AMZN,208.73
2026-03-04,AMZN,216.82
2026-03-05,AMZN,218.94
2026-03-06,AMZN,213.21
2026-03-09,AMZN,213.49
2026-03-10,AMZN,214.33
2026-03-11,AMZN,212.65
2026-03-12,AMZN,209.53
2026-03-13,AMZN,207.67
2026-03-16,AMZN,211.74
2026-03-17,AMZN,215.2
2026-03-18,AMZN,209.87
2026-03-19,AMZN,208.76
2026-03-20,AMZN,205.37
2026-03-23,AMZN,210.14
2026-03-24,AMZN,207.24
2026-03-25,AMZN,211.71
2026-03-26,AMZN,207.54
2026-03-27,AMZN,199.34
2026-03-30,AMZN,200.95
2026-03-31,AMZN,208.27
2026-04-01,AMZN,210.57
2026-04-02,AMZN,209.77
2026-04-06,AMZN,212.79
2026-04-07,AMZN,213.77
2026-04-08,AMZN,221.25
2026-04-09,AMZN,233.65
2026-04-10,AMZN,238.38
2026-04-13,AMZN,239.89
2026-04-14,AMZN,249.02
2026-04-15,AMZN,248.5
2026-04-16,AMZN,249.7
2026-04-17,AMZN,250.56
2026-04-20,AMZN,248.28
2026-04-21,AMZN,249.91
2026-04-22,AMZN,255.36
2026-04-23,AMZN,255.08
2026-04-24,AMZN,263.99
2026-04-27,AMZN,261.12
2026-04-28,AMZN,259.7
2026-04-29,AMZN,263.04
2026-04-30,AMZN,265.06
2026-05-01,AMZN,268.26
2026-05-04,AMZN,272.05
2026-05-05,AMZN,273.55
2026-05-06,AMZN,274.99
2026-05-07,AMZN,271.17
2026-05-08,AMZN,272.68
2026-05-11,AMZN,268.99
2026-05-12,AMZN,265.82
2026-05-13,AMZN,270.13
2026-05-14,AMZN,267.22
2026-05-15,AMZN,264.14
2026-05-18,AMZN,264.86
2026-05-19,AMZN,259.34
2026-05-20,AMZN,265.01
2026-05-21,AMZN,268.46
2026-05-22,AMZN,266.32
2026-05-26,AMZN,265.29
2026-05-27,AMZN,271.85
2026-05-28,AMZN,274
2026-05-29,AMZN,270.64
2026-06-01,AMZN,261.26
2026-06-02,AMZN,256.52
2026-06-03,AMZN,250.02
2026-06-04,AMZN,253.79
2026-06-05,AMZN,246.03
2026-06-08,AMZN,245.22
2026-06-09,AMZN,244.19
2026-06-10,AMZN,238
2026-06-11,AMZN,241.51
2026-06-12,AMZN,238.55
2026-06-15,AMZN,246.02
2026-06-16,AMZN,246
2026-06-17,AMZN,237.5
2026-06-18,AMZN,244.39
2026-06-22,AMZN,232.79
2026-06-23,AMZN,234.11
2026-06-24,AMZN,234.27
2026-06-25,AMZN,227.01
2026-06-26,AMZN,232.69
2026-06-29,AMZN,240.14
2026-06-30,AMZN,238.34
2026-07-01,AMZN,241.7
2026-07-02,AMZN,242.67
2026-07-06,AMZN,244.16
2026-07-07,AMZN,245.98
2026-07-08,AMZN,243.62
2026-07-09,AMZN,247.04
2026-07-10,AMZN,245.34
2026-07-13,AMZN,247.31
2026-07-14,AMZN,247.49
2026-07-15,AMZN,254.96
2026-07-16,AMZN,249.89
2026-07-17,AMZN,247.23
2026-07-20,AMZN,249.99
2026-07-21,AMZN,247.55
2026-07-22,AMZN,244.85
2026-07-23,AMZN,233.66
2026-07-24,AMZN,232.11
2026-07-27,AMZN,231.39
2026-07-28,AMZN,230.86
2026-07-29,AMZN,226.65
2026-07-30,AMZN,235.5
2026-07-31,AMZN,271.58
2026-08-03,AMZN,284.02
2026-08-04,AMZN,277.42
2026-08-05,AMZN,272.65
2026-08-06,AMZN,272.26
2026-08-07,AMZN,274.48
2026-08-10,AMZN,278.09
2026-08-11,AMZN,272.27
2026-08-12,AMZN,267.28
2026-08-13,AMZN,265.13
2026-08-14,AMZN,262.65
2026-08-17,AMZN,261.31
2026-08-18,AMZN,259.45
2026-08-19,AMZN,265.84
2026-08-20,AMZN,260.11
2026-08-21,AMZN,258.63
2026-08-24,AMZN,262.07
2026-08-25,AMZN,261.06
2026-08-26,AMZN,260.28
2026-08-27,AMZN,256.26
2026-08-28,AMZN,266.43
2026-08-31,AMZN,259.77
2026-09-01,AMZN,254.92
2026-09-02,AMZN,254.98
2026-09-03,AMZN,258.9
2026-09-04,AMZN,258.51
2026-09-08,AMZN,256.97
2026-09-09,AMZN,252.4
2026-09-10,AMZN,251.89
2026-09-11,AMZN,256.78
2026-09-14,AMZN,253.54
2026-09-15,AMZN,248.42
2026-09-16,AMZN,245.96
2026-09-17,AMZN,251.19
2026-09-18,AMZN,253.71
