Country Name,Country Code,2000,2001,2002,2003,2004,2005,2006,2007,2008,2009,2010,2011,2012,2013,2014,2015,2016,2017,2018,2019,2020,2021,2022,2023
Aruba,ABW,72.939,73.044,73.135,73.236,73.223,73.415,73.498,73.642,73.783,73.974,74.297,74.578,74.841,75.072,75.261,75.405,75.54,75.62,75.88,76.019,75.406,73.655,76.226,76.353
Afghanistan,AFG,55.005,55.511,56.225,57.171,57.81,58.247,58.553,58.956,59.708,60.248,60.702,61.25,61.735,62.188,62.26,62.27,62.646,62.406,62.443,62.941,61.454,60.417,65.617,66.035
Angola,AGO,46.501,47.032,47.874,50.218,51.123,52.13,52.965,54.2,55.281,56.225,57.242,58.093,58.916,59.705,60.396,61.042,61.619,62.122,62.622,63.051,63.116,62.958,64.246,64.617
Albania,ALB,74.826,75.083,75.299,75.557,75.951,76.427,76.994,77.691,78.248,78.509,78.414,78.303,78.084,77.995,78.029,78.358,78.643,78.9,79.238,79.467,77.824,76.844,78.769,79.602
Andorra,AND,81.863,82.162,82.448,82.718,82.815,83.086,83.374,83.632,83.855,84.1,84.197,84.296,84.334,84.406,84.485,84.532,84.489,84.359,84.242,84.098,79.418,82.331,84.016,84.041
United Arab Emirates,ARE,76.347,77.621,78.721,79.6,80.272,80.779,81.155,81.438,81.591,81.679,81.886,81.898,81.913,81.95,81.99,82.076,82.195,82.388,82.449,82.596,81.936,79.083,80.487,82.909
Argentina,ARG,73.91,74.154,74.312,74.307,74.871,75.231,75.279,74.783,75.428,75.577,75.68,76.1,75.802,75.829,76.268,76.6,76.105,76.543,76.77,76.847,75.878,73.948,75.806,77.395
Armenia,ARM,72.88,72.976,72.827,72.827,73.027,73.076,72.824,72.873,73.073,73.073,73.173,73.817,74.12,74.622,74.873,74.871,74.868,75.217,75.62,76.222,73.376,72.278,74.766,77.466
American Samoa,ASM,71.443,71.573,71.755,71.698,72.277,72.382,72.397,72.365,72.43,70.839,72.587,72.662,72.709,72.769,72.687,72.654,72.64,72.801,72.794,72.751,72.672,72.708,72.752,72.852
Antigua and Barbuda,ATG,74.819,75.108,75.237,75.313,75.329,75.364,75.506,75.72,76.075,76.386,76.701,77.023,77.1,77.05,76.912,76.892,76.968,77.03,77.132,77.168,77.161,77.197,77.483,77.598
Australia,AUS,79.234,79.634,79.937,80.239,80.49,80.841,81.041,81.293,81.395,81.544,81.695,81.895,82.046,82.149,82.3,82.4,82.449,82.5,82.749,82.9,83.2,83.3,83.2,83.051
Austria,AUT,78.127,78.576,78.678,78.632,79.18,79.332,79.88,80.18,80.432,80.332,80.58,80.983,80.937,81.137,81.49,81.19,81.641,81.644,81.693,81.895,81.193,81.19,81.295,81.793
Azerbaijan,AZE,65.377,66.043,66.769,67.036,67.488,67.71,68.489,68.659,69.355,69.874,70.309,70.565,71.08,71.485,71.93,72.349,72.568,72.694,73.016,73.29,70.312,70.999,74.125,74.429
Burundi,BDI,47.617,48.509,49.924,50.997,52.217,53.053,53.962,54.832,55.581,56.422,57.088,57.804,58.501,59.179,59.764,60.107,60.789,61.345,61.806,62.18,62.569,62.101,62.882,63.651
Belgium,BEL,77.722,77.973,78.076,78.129,78.878,78.98,79.38,79.783,79.68,80.034,80.183,80.585,80.385,80.588,81.288,80.993,81.439,81.493,81.595,81.995,80.695,81.79,81.749,82.4
Benin,BEN,56.594,56.654,56.851,57.092,57.346,57.738,57.966,58.249,58.099,58.258,58.387,58.462,58.559,58.863,59.008,59.123,59.283,59.528,59.71,59.888,60.154,59.61,60.475,60.774
Burkina Faso,BFA,50.808,51.188,51.447,51.959,52.6,53.271,53.784,54.377,55.199,55.791,56.343,57.001,57.457,57.903,58.331,58.778,59.173,59.578,59.972,60.184,60.454,60.046,60.7,61.092
Bangladesh,BGD,62.049,62.836,63.591,64.288,64.912,65.509,66.048,66.458,67.047,67.527,68.009,68.499,68.989,69.487,70.016,70.543,71.075,71.606,72.122,72.625,71.421,71.103,74.265,74.672
Bulgaria,BGR,71.663,71.768,71.866,72.066,72.563,72.561,72.612,72.663,72.963,73.412,73.512,74.163,74.315,74.861,74.466,74.615,74.812,74.815,74.963,75.112,73.356,71.212,74.161,75.756
Bahrain,BHR,74.673,74.942,75.209,75.486,75.787,76.125,76.51,76.952,77.457,78.016,78.593,79.141,79.622,79.998,80.214,80.338,80.407,80.407,80.412,80.471,78.683,78.083,80.992,81.284
"Bahamas, The",BHS,72.481,72.765,73.023,73.213,73.235,73.413,73.456,73.463,73.445,73.455,73.449,73.571,73.707,73.93,74.029,73.805,74.042,74.031,74.062,71.408,72.994,70.752,74.491,74.552
Bosnia and Herzegovina,BIH,75.292,75.573,75.994,76.449,76.489,76.424,76.028,76.162,76.3,76.701,76.827,76.963,77.037,77.129,77.089,77.073,77.124,77.385,77.942,77.394,76.04,74.567,76.777,77.85
Belarus,BLR,68.912,68.507,68.056,68.554,68.956,68.851,69.405,70.207,70.456,70.407,70.405,70.554,71.966,72.471,72.971,73.624,73.827,74.129,74.176,74.227,72.139,72.071,74.103,74.184
Belize,BLZ,68.911,68.944,69.528,69.819,70.152,70.335,70.535,70.652,70.665,70.806,70.875,70.975,71.134,71.276,71.437,71.647,71.843,72.062,72.322,72.577,71.58,70.917,72.19,73.566
Bermuda,BMU,78.251,78.637,78.841,78.715,78.898,78.874,78.87,79.006,79.101,79.229,79.414,79.651,79.847,80.016,80.199,80.338,80.476,80.686,80.986,81.251,81.456,81.745,82.062,82.309
Bolivia,BOL,62.057,62.538,63.068,63.455,63.819,64.182,64.529,64.939,65.299,65.656,66.003,66.282,66.586,66.777,66.97,67.205,67.392,67.536,67.699,67.82,62.906,61.427,67.434,68.581
Brazil,BRA,69.584,69.98,70.396,70.884,71.361,71.832,72.296,72.73,73.111,73.457,73.779,74.047,74.335,74.609,74.823,75.106,75.081,75.383,75.633,75.809,74.506,73.038,74.872,75.848
Barbados,BRB,74.58,74.707,74.82,74.865,75.15,74.96,75.049,75.263,75.3,75.458,75.488,75.599,75.737,75.816,75.926,76.055,76.168,76.237,76.378,76.495,76.647,76.58,75.676,76.178
Brunei Darussalam,BRN,74.017,74.209,74.365,74.509,74.603,74.683,74.753,74.793,74.814,74.814,74.82,74.835,74.843,74.854,74.862,74.88,74.905,74.943,74.992,75.049,75.114,74.869,72.917,75.327
Bhutan,BTN,61.842,63.323,63.984,64.662,65.29,65.875,66.499,67.152,67.733,68.156,68.765,69.28,69.759,70.161,70.504,70.797,71.119,71.413,71.711,72.005,72.253,72.448,72.754,72.975
Botswana,BWA,52.263,52.21,52.373,52.851,53.573,54.386,55.112,56.735,57.661,58.297,59.137,59.715,60.384,61.217,62.167,63.215,64.32,65.42,66.371,67.167,67.643,63.303,68.749,69.163
Central African Republic,CAF,46.609,46.734,46.84,47.306,47.696,48.207,48.687,49.327,49.873,14.665,46.871,50.107,51.336,49.487,40.265,51.934,50.999,45.231,52.297,31.53,50.596,40.279,18.818,57.408
Canada,CAN,79.167,79.398,79.531,79.715,79.992,80.113,80.544,80.544,80.725,81.066,81.322,81.483,81.664,81.745,81.784,81.826,81.94,81.808,81.804,82.159,81.53,81.451,81.095,81.626
Switzerland,CHE,79.68,80.18,80.385,80.537,81.088,81.237,81.49,81.741,81.993,82.044,82.246,82.695,82.698,82.798,83.198,82.898,83.602,83.551,83.754,83.905,83,83.751,83.605,84.156
Channel Islands,CHI,78.8,79,79.1,79.4,79.8,80.1,80.4,80.6,80.8,81,81.2,81.4,81.3,81.5,81.6,81.4,81.2,81,81.1,81.2,80.9,80.3,81,81.1
Chile,CHL,77.128,77.58,77.84,77.884,78.276,78.459,78.533,78.652,78.752,78.89,79.095,79.236,79.221,79.551,79.714,80.008,80.295,80.61,80.559,80.324,79.349,78.876,79.176,81.167
China,CHN,72.288,72.675,73.034,73.385,73.727,74.085,74.404,74.789,74.833,75.317,75.668,75.889,76.2,76.452,76.714,76.975,77.214,77.235,77.709,77.94,78.019,78.117,78.202,77.953
Cote d'Ivoire,CIV,51.393,51.428,51.544,51.443,51.939,52.432,52.885,53.452,54.179,54.744,55.282,55.972,56.57,57.057,57.772,58.281,58.814,59.315,59.795,60.274,60.14,60.29,61.562,61.944
Cameroon,CMR,53.338,53.598,53.922,54.253,54.578,54.904,55.301,55.71,56.116,56.486,56.965,57.482,58.17,58.73,59.13,59.687,60.293,60.817,61.189,61.695,61.674,61.146,62.443,63.7
"Congo, Dem. Rep.",COD,51.887,52.205,52.371,52.952,53.534,54.001,54.498,54.954,55.388,55.798,56.411,56.911,57.35,57.795,58.236,58.658,59.081,59.495,59.926,60.242,60.428,60.044,60.979,61.895
"Congo, Rep.",COG,55.371,55.885,56.414,57.131,57.957,58.73,59.474,60.05,60.79,61.215,61.731,62.286,62.662,62.969,63.349,63.662,63.911,64.203,64.472,63.152,64.391,64.192,65,65.772
Colombia,COL,70.905,71.185,71.537,72.309,72.76,73.156,73.497,73.751,74.206,74.531,74.876,75.18,75.611,75.834,75.95,76.067,76.228,76.418,76.579,76.793,74.757,72.698,76.508,77.725
Comoros,COM,58.941,59.587,59.723,60.24,60.557,60.883,61.229,61.475,61.955,62.302,62.747,63.105,63.463,63.839,64.143,64.473,64.792,65.127,65.401,65.662,65.756,65.201,66.481,66.777
Cabo Verde,CPV,68.117,68.707,69.447,70.006,70.499,70.936,71.341,71.487,71.888,72.142,72.507,72.913,73.315,73.481,73.788,74.096,74.35,74.71,74.84,75.449,73.818,74.424,75.907,76.059
Costa Rica,CRI,77.317,77.609,77.939,78.214,78.512,78.877,79.049,79.098,79.18,79.372,79.354,79.624,79.925,80.189,80.231,80.407,79.988,79.994,80.09,80.296,79.725,78.05,79.316,80.799
Cuba,CUB,75.922,76.429,76.766,77.405,77.326,77.54,77.406,77.55,77.589,77.584,77.876,78.051,78.162,78.028,77.825,77.745,77.571,77.3,77.426,77.413,77.407,73.201,77.629,78.085
Curacao,CUW,73.283,73.36,73.472,73.603,73.735,73.873,73.978,74.137,74.314,74.485,75.117,75.576,75.96,76.239,76.384,76.482,76.322,76.423,76.493,76.492,76.501,75.686,76.729,76.8
Cayman Islands,CYM,74.378,74.529,74.609,74.639,74.596,74.863,75,75.152,75.386,75.671,76.069,76.562,77.121,77.652,77.865,78.119,78.367,78.615,78.835,79.052,79.23,79.3,79.984,80.358
Cyprus,CYP,77.9,78.185,78.758,78.908,79.007,79.198,79.456,79.798,79.906,80.375,80.632,80.855,81.128,81.317,81.337,81.464,81.534,81.543,81.556,81.454,81.23,80.573,80.434,81.648
Czechia,CZE,74.968,75.173,75.222,75.171,75.722,75.924,76.524,76.724,76.976,77.078,77.424,77.873,78.076,78.176,78.824,78.578,79.027,78.978,79.029,79.229,78.227,77.222,78.929,79.827
Germany,DEU,77.927,78.329,78.229,78.38,78.68,78.932,79.132,79.534,79.737,79.837,79.988,80.437,80.539,80.49,81.09,80.641,80.99,80.993,80.893,81.293,81.041,80.79,80.608,81.041
Djibouti,DJI,56.734,57.506,57.824,58.041,58.103,58.548,58.962,59.362,59.815,60.351,60.743,61.337,61.719,62.116,62.427,62.833,63.335,63.71,64.105,64.381,64.2,63.83,65.54,65.987
Dominica,DMA,71.715,71.862,71.927,71.942,71.987,72.016,72.007,71.901,71.945,71.835,71.68,71.517,71.391,71.228,71.189,69.968,71.189,68.62,71.378,71.305,71.269,69.832,71.081,71.132
Denmark,DNK,76.593,76.793,76.895,77.144,77.493,77.844,78.095,78.195,78.446,78.598,79.1,79.8,80.051,80.3,80.7,80.702,80.854,81.102,80.954,81.451,81.602,81.405,81.305,81.754
Dominican Republic,DOM,70.365,70.553,70.719,70.856,70.73,71.043,71.054,71.097,71.331,71.587,72.039,72.496,72.817,73.038,73.145,72.982,72.889,73.37,73.555,73.112,72.636,71.757,74.211,73.72
Algeria,DZA,70.576,71.025,71.644,71.906,72.536,72.836,73.116,73.346,73.618,73.871,74.144,74.383,74.609,74.809,74.992,75.159,75.31,75.431,75.555,75.682,73.257,75.208,76.129,76.261
Ecuador,ECU,72.09,72.571,73.164,73.632,73.868,73.909,74.01,74.226,74.709,74.901,75.188,75.179,75.486,75.832,76.141,76.222,76.094,76.22,77.248,77.286,72.004,72.746,76.577,77.392
"Egypt, Arab Rep.",EGY,67.332,67.612,67.846,68.045,68.211,68.355,68.493,68.627,68.761,68.915,69.078,69.232,69.464,69.632,69.911,70.135,70.437,70.709,70.974,71.213,69.79,68.976,71.01,71.633
Eritrea,ERI,56.285,58.359,58.941,59.455,60.063,60.628,61.457,61.998,62.422,63.203,63.665,64.231,64.697,65.005,65.517,65.909,66.242,66.612,66.979,67.306,66.98,66.94,67.789,68.624
Spain,ESP,78.966,79.368,79.568,79.62,79.871,80.171,80.822,80.873,81.176,81.476,81.627,82.476,82.427,83.078,83.229,82.832,83.329,83.283,83.432,83.832,82.232,83.178,83.134,83.934
Estonia,EST,70.417,70.259,70.905,71.317,71.91,72.568,72.691,72.815,73.771,74.824,75.429,76.229,76.327,77.141,77.034,77.59,77.641,78.093,78.244,78.646,78.595,76.944,77.844,78.793
Ethiopia,ETH,50.88,51.428,52.085,52.877,53.735,54.364,55.402,56.566,57.733,58.715,59.709,60.595,61.443,62.161,62.927,63.592,64.162,64.766,65.257,65.741,65.969,65.33,66.897,67.315
Finland,FIN,77.466,77.966,78.12,78.368,78.715,78.817,79.215,79.263,79.568,79.72,79.871,80.471,80.627,80.976,81.18,81.48,81.429,81.632,81.734,81.983,81.932,81.885,81.188,81.585
Fiji,FJI,66.194,66.205,65.492,65.653,65.841,65.983,66.126,66.161,66.32,66.347,66.778,66.88,65.812,66.545,66.581,66.48,66.657,67.06,66.965,67.009,66.924,64.904,67.148,67.316
France,FRA,79.056,79.159,79.261,79.115,80.163,80.163,80.812,81.112,81.215,81.415,81.663,82.115,81.968,82.22,82.72,82.322,82.573,82.576,82.676,82.827,82.176,82.324,82.129,82.832
Faroe Islands,FRO,78.412,78.602,78.788,78.985,79.205,79.445,79.69,79.924,80.146,80.37,80.605,80.852,81.106,81.357,81.591,81.8,81.962,82.106,82.249,82.391,82.534,82.676,82.816,82.952
"Micronesia, Fed. Sts.",FSM,64.317,64.801,63.907,64.915,64.898,64.906,64.859,64.844,64.849,64.865,64.892,64.969,65.08,65.179,65.294,65.306,65.576,65.761,65.943,66.196,65.878,66.152,66.961,67.198
Gabon,GAB,61.81,61.982,62.175,62.463,62.694,62.978,63.259,63.619,64.011,64.361,64.715,65.102,65.438,65.751,66.07,66.336,66.583,66.816,67.043,67.337,67.073,67.072,67.713,68.337
United Kingdom,GBR,77.741,77.993,78.144,78.446,78.746,79.049,79.249,79.449,79.6,80.051,80.402,80.951,80.905,81.005,81.305,80.956,81.156,81.256,81.256,81.369,80.332,80.647,81.011,81.238
Georgia,GEO,70.091,70.371,70.438,71.377,71.011,70.689,70.983,70.985,70.949,71.058,71.732,72.485,72.672,73.025,73.105,73.241,73.136,73.435,73.985,74.165,73.509,71.635,74.141,74.496
Ghana,GHA,58.139,58.403,58.709,59.014,59.316,59.638,59.975,60.282,60.578,60.928,61.297,61.617,61.995,62.397,62.832,63.175,63.522,63.829,64.138,64.455,64.309,64.286,65.246,65.498
Gibraltar,GIB,80.145,80.419,80.59,80.713,80.856,80.991,81.103,81.269,81.541,81.807,82.08,82.333,82.527,82.586,82.644,82.668,82.741,82.858,83.028,83.183,83.07,80.274,83.517,83.553
Guinea,GIN,52.42,52.669,53.2,53.589,53.975,54.422,54.875,55.233,55.703,56.052,56.431,56.778,57.117,57.459,57.581,57.899,58.49,58.715,59.043,59.379,59.35,59.373,60.432,60.74
"Gambia, The",GMB,56.899,57.283,57.736,58.223,58.749,59.11,59.667,60.001,60.473,60.735,61.167,61.561,61.9,62.252,62.576,62.971,63.386,63.708,64.034,64.427,64.418,63.847,64.859,65.86
Guinea-Bissau,GNB,50.565,51.054,51.608,52.186,52.8,52.949,54.089,54.87,55.3,56.297,56.999,57.663,58.27,58.879,59.476,60.071,60.619,61.148,61.652,62.161,61.343,61.653,63.605,64.085
Equatorial Guinea,GNQ,53.395,53.827,54.324,54.791,55.307,55.766,56.354,56.857,57.384,57.881,58.344,58.827,59.301,59.784,60.228,60.635,61.081,61.481,61.915,62.297,62.141,62.447,63.355,63.707
Greece,GRC,77.888,78.388,78.641,78.841,79.039,79.239,79.439,79.439,79.939,80.188,80.388,80.732,80.634,81.285,81.385,81.037,81.388,81.288,81.788,81.639,81.288,80.083,80.788,81.737
Grenada,GRD,72.955,73.034,73.142,73.291,72.447,73.7,73.93,74.159,74.374,74.567,74.731,74.861,74.961,75.022,75.045,75.037,75.01,74.977,74.957,74.971,75.019,74.522,75.151,75.205
Greenland,GRL,64.803,65.006,65.42,66.123,66.808,67.305,67.818,68.274,68.566,69.032,69.35,69.615,69.96,70.292,70.508,70.91,71.199,71.256,71.361,71.409,71.286,71.261,71.23,70.972
Guatemala,GTM,67.102,67.436,67.835,68.204,68.245,68.167,68.79,69.299,69.493,69.676,69.885,70.321,70.722,70.878,70.942,70.915,71.215,71.583,71.496,71.639,69.971,67.858,71.206,72.602
Guam,GUM,74.894,75.195,75.506,75.885,76.114,76.427,76.477,76.397,76.233,76.141,76.095,76.153,76.237,76.361,76.423,76.444,76.449,76.463,76.561,76.645,75.529,75.434,77.102,77.209
Guyana,GUY,64.075,64.38,64.183,64.117,64.214,64.392,64.848,65.462,65.721,66.03,66.204,66.469,66.443,66.71,67.334,67.719,68.069,68.543,68.829,69.067,67.751,64.323,69.888,70.18
"Hong Kong SAR, China",HKG,80.873,81.419,81.452,81.343,81.799,81.609,82.385,82.367,82.34,82.775,82.958,83.412,83.45,83.831,83.936,84.253,84.211,84.696,84.87,85.156,85.496,85.533,83.661,85.247
Honduras,HND,68.302,68.491,68.714,68.874,69.05,69.198,69.364,69.539,69.657,69.823,69.77,70.116,70.46,70.765,71.032,71.323,71.615,71.805,72.001,72.124,70.864,69.492,72.715,72.884
Croatia,HRV,72.808,74.513,74.717,74.614,75.52,75.245,75.837,75.706,75.912,76.168,76.476,76.776,77.168,77.571,77.724,77.276,77.922,77.727,77.92,78.224,77.524,76.424,77.576,78.473
Haiti,HTI,58.175,58.591,59.041,59.44,58.517,60.318,60.74,61.09,61.28,61.694,45.577,61.581,62.273,62.624,62.969,63.224,63.325,63.832,64.077,64.328,63.773,62.613,63.948,64.936
Hungary,HUN,71.246,72.249,72.349,72.3,72.649,72.649,73.098,73.151,73.702,73.905,74.207,74.859,75.063,75.566,75.763,75.568,76.063,75.817,76.066,76.32,75.42,74.066,75.868,76.571
Indonesia,IDN,66.292,66.583,66.954,67.134,65.521,67.531,67.664,67.914,68.085,68.267,68.364,68.629,68.862,69.064,69.292,69.52,69.733,69.953,70.08,70.349,68.817,67.452,70.925,71.146
Isle of Man,IMN,74.842,75.289,75.785,76.319,76.876,77.453,77.971,78.451,78.899,79.303,79.613,79.836,80.007,80.12,80.199,80.267,80.391,80.506,80.614,80.74,80.591,80.42,80.956,80.999
India,IND,62.749,63.158,63.649,64.086,64.484,64.939,65.373,65.803,66.247,66.7,67.162,67.623,68.076,68.499,68.932,69.326,69.709,70.068,70.415,70.746,70.156,67.282,71.698,72.003
Ireland,IRL,76.537,77.134,77.634,78.139,78.539,78.944,79.241,79.641,80.095,80.19,80.744,80.746,80.846,80.949,81.349,81.454,81.654,82.156,82.205,82.702,82.456,82.254,82.51,82.807
"Iran, Islamic Rep.",IRN,70.166,70.619,71.112,70.464,72.04,72.446,72.895,73.299,73.683,74.041,74.39,74.721,75.039,75.349,75.635,75.907,76.155,76.396,76.621,76.855,74.141,73.752,76.799,77.654
Iraq,IRQ,64.86,65.292,65.724,64.834,64.634,64.899,64.029,64.428,66.465,67.834,68.092,68.435,68.827,69.047,69.679,69.977,68.683,69.788,71.116,71.245,69.651,70.704,72.037,72.324
Iceland,ISL,79.654,80.69,80.502,80.963,80.998,81.502,81.159,81.454,81.61,81.751,81.898,82.359,82.917,82.061,82.861,82.468,82.205,82.661,82.861,83.163,83.063,83.166,82.12,82.456
Israel,ISR,78.954,79.407,79.451,79.649,80.146,80.151,80.554,80.505,80.951,81.405,81.602,81.656,81.705,82.056,82.154,82.051,82.407,82.551,82.802,82.805,82.649,82.5,82.7,83.195
Italy,ITA,79.778,80.127,80.229,79.983,80.78,80.783,81.283,81.434,81.485,81.637,82.037,82.188,82.239,82.69,83.09,82.544,83.244,82.946,83.346,83.498,82.195,82.646,82.7,83.351
Jamaica,JAM,71.281,71.287,71.478,71.585,71.542,71.493,71.395,71.405,71.502,71.717,71.979,72.245,72.405,72.435,72.357,72.214,72.052,71.879,71.606,71.532,71.452,69.085,71.481,71.479
Jordan,JOR,71.926,72.141,72.359,72.585,72.788,72.977,73.225,73.407,73.563,73.707,73.797,73.929,74.087,74.282,74.606,75.06,75.55,76.071,76.491,76.865,75.583,74.204,77.088,77.814
Japan,JPN,81.076,81.416,81.691,81.76,82.03,81.955,82.322,82.507,82.588,82.931,82.843,82.591,83.096,83.332,83.588,83.794,83.985,84.1,84.211,84.356,84.56,84.446,83.996,84.041
Kazakhstan,KAZ,63.793,64.108,64.441,64.753,65.04,65.356,65.722,66.18,66.759,67.46,68.257,69.108,69.939,70.719,71.415,72.024,72.549,72.996,73.369,73.658,71.195,70.131,73.503,74.402
Kenya,KEN,56.084,56.501,56.759,57.369,57.947,58.51,59.059,59.407,59.955,60.483,60.915,61.283,61.537,61.729,61.99,62.279,62.526,62.725,62.825,62.939,61.596,61.225,63.549,63.646
Kyrgyz Republic,KGZ,68.559,68.707,68.156,68.256,68.154,67.956,67.695,67.895,68.451,69.102,69.3,69.602,70.002,70.202,70.402,70.651,70.951,71.2,71.4,71.6,71.8,71.9,72.049,72.249
Cambodia,KHM,59.491,60.457,61.395,62.345,63.256,64.113,64.886,65.549,66.147,66.747,67.311,67.869,68.371,68.755,69.117,69.398,69.635,69.842,69.993,70.127,70.059,69.301,70.528,70.668
Kiribati,KIR,64.674,64.918,65.123,65.287,65.416,65.517,65.601,65.677,65.746,65.808,65.859,65.896,65.908,65.898,65.869,65.831,65.799,65.787,65.807,65.866,65.205,64.148,66.269,66.473
St. Kitts and Nevis,KNA,69.249,69.767,70.194,70.614,70.92,71.151,71.356,71.437,71.479,71.488,71.452,71.4,71.362,71.29,71.228,71.211,71.227,71.284,71.336,71.54,71.181,69.271,70.313,72.145
"Korea, Rep.",KOR,75.91,76.412,76.766,77.215,77.666,78.168,78.668,79.12,79.517,79.968,80.117,80.568,80.82,81.271,81.722,82.024,82.276,82.627,82.627,83.227,83.427,83.527,82.68,83.429
Kuwait,KWT,76.226,76.384,76.532,76.645,76.728,76.801,76.888,77.01,77.189,77.433,77.726,78.052,78.395,78.742,79.08,79.377,79.678,79.916,80.106,81.97,78.761,78.737,80.588,83.188
Lao PDR,LAO,58.317,58.887,59.302,59.643,60.08,60.688,61.074,61.694,62.248,63.023,63.69,64.505,65.126,65.723,66.35,66.688,67.014,67.345,67.594,67.911,68.339,67.807,68.715,68.964
Lebanon,LBN,73.895,74.354,74.836,75.275,75.693,76.074,75.677,76.732,76.956,77.262,77.529,77.768,77.941,78.037,78.148,78.275,78.306,78.192,78.263,78.208,76.299,73.65,78.003,77.817
Liberia,LBR,51.852,53.109,54.061,53.045,55.949,56.765,57.495,58.147,58.675,59.106,59.358,59.486,59.785,59.992,59.21,59.248,60.483,60.777,60.999,61.232,61.267,61.166,61.934,62.163
Libya,LBY,70.542,70.653,70.788,70.996,71.21,71.439,71.632,71.788,71.936,72.071,72.196,69.95,72.188,72.339,71.3,71.644,71.799,72.721,73.151,72.941,72.388,72.062,74.462,69.339
St. Lucia,LCA,70.779,71.367,71.707,72.188,72.453,72.544,72.794,72.86,72.963,72.946,72.768,72.962,72.86,72.687,72.676,72.932,72.552,72.522,72.655,72.249,72.308,69.119,72.67,72.697
Liechtenstein,LIE,76.827,79.276,79.637,79.961,81.771,80.668,80.949,81.295,82.683,81.5,81.841,81.793,82.383,82.261,82.073,82.656,82.259,83.746,83.041,84.161,81.659,84.402,84.122,84.595
Sri Lanka,LKA,71.179,71.804,72.271,72.442,68.022,73.073,72.825,72.983,72.556,70.298,74.463,74.74,75.187,75.546,75.757,75.99,76.136,76.239,76.485,76.698,76.928,76.278,77.3,77.483
Lesotho,LSO,48.783,47.153,45.95,44.921,44.039,43.611,43.182,43.66,44.304,45.055,46.045,46.93,48.235,49.547,50.786,51.83,52.908,53.874,54.638,55.249,55.133,54.209,56.812,57.375
Lithuania,LTU,72.02,71.659,71.761,72.061,71.961,71.254,71.056,70.9,71.812,72.915,73.268,73.563,73.863,73.915,74.517,74.322,74.671,75.48,75.68,76.283,75.029,74.037,75.644,77.29
Luxembourg,LUX,77.873,77.824,77.966,77.727,79.122,79.432,79.288,79.383,80.539,80.637,80.632,80.988,81.393,81.8,82.229,82.293,82.685,82.095,82.295,82.639,82.144,82.598,82.946,83.31
Latvia,LVA,70.315,70.761,70.961,71.266,72.027,71.356,70.866,71.02,72.42,73.08,73.483,73.576,73.778,73.983,74.124,74.48,74.58,74.629,74.783,75.388,75.185,72.98,74.278,75.427
"Macao SAR, China",MAC,80.183,80.588,80.946,81.044,80.993,81.341,81.729,81.729,82.027,82.176,82.273,82.471,82.471,82.722,83.022,83.224,83.276,83.527,83.678,83.929,84.129,83.729,83.08,83.18
St. Martin (French part),MAF,76.793,77.009,77.219,77.419,77.612,77.802,77.989,78.16,78.326,78.513,78.752,79.016,79.302,79.528,79.727,79.829,79.885,78.762,80.029,80.078,80.085,80.206,80.236,80.224
Morocco,MAR,66.794,67.2,67.582,67.958,68.272,68.748,69.157,69.62,70.051,70.454,70.821,71.263,71.674,72.117,72.522,72.894,73.228,73.608,73.946,74.245,73.133,73.385,75.161,75.313
Monaco,MCO,82.121,82.485,83.055,83.613,84.151,84.34,84.194,83.903,83.827,84.187,84.644,85.01,85.045,85.056,85.093,85.323,85.63,85.878,86.084,86.151,86.089,85.113,85.746,86.372
Moldova,MDA,67.462,67.672,67.793,67.9,68.017,68.197,68.423,68.674,69,69.406,69.876,70.173,70.344,70.291,70.241,70.118,70.179,70.375,70.236,70.181,69.914,68.991,71.546,71.198
Madagascar,MDG,57.974,58.674,59.17,59.693,60.168,60.664,61.14,61.533,61.992,62.304,62.597,62.86,63.007,63.161,63.261,63.362,63.431,63.433,63.491,63.504,62.706,62.516,63.068,63.632
Maldives,MDV,70.892,71.659,72.36,73.263,73.008,74.785,75.256,75.711,75.999,76.371,76.756,77.141,77.512,77.847,78.187,78.607,78.913,79.228,79.433,79.707,78.713,78.052,80.76,81.041
Mexico,MEX,72.562,72.912,73.106,73.308,73.432,73.627,73.746,73.796,73.695,73.628,73.718,73.921,74.128,74.289,74.404,74.431,74.376,74.261,74.301,74.53,70.449,69.75,73.973,75.069
Marshall Islands,MHL,63.323,63.735,63.848,63.956,64.044,64.112,64.207,64.259,64.3,64.395,64.498,64.641,64.776,64.954,65.11,65.292,65.477,65.673,65.87,66.047,65.387,65.421,66.725,66.945
North Macedonia,MKD,72.946,73.437,73.039,73.241,73.598,73.698,73.895,73.8,74.4,74.446,74.998,75.1,74.902,75.4,75.451,75.402,75.4,75.954,76.649,76.602,74.395,73.246,74.425,75.316
Mali,MLI,50.605,51.3,51.995,52.632,53.253,53.792,54.305,54.756,55.187,55.588,55.993,56.367,56.696,57.052,57.482,57.852,58.286,58.562,58.873,59.217,58.858,59.116,60.035,60.439
Malta,MLT,78.349,78.844,78.739,78.546,79.254,79.3,79.439,79.793,79.637,80.241,81.398,80.746,80.746,81.746,81.895,81.798,82.354,82.195,82.249,82.659,82.098,82.259,82.298,83.356
Myanmar,MMR,60.357,60.64,60.925,61.196,61.443,61.72,62.026,62.367,56.364,63.095,63.479,63.859,64.251,64.617,64.994,65.288,65.64,65.909,66.232,66.457,66.612,65.553,66.506,66.889
Montenegro,MNE,73.397,73.58,73.965,74.056,74.206,73.983,73.839,74.339,75.137,75.144,75.99,76.083,76.3,76.49,76.339,76.602,76.541,76.685,77.885,76.683,75.932,73.824,76.188,77.588
Mongolia,MNG,63.21,63.392,63.54,63.575,64.63,65.281,65.902,66.593,67.246,67.969,68.506,69.109,69.5,70.098,70.583,70.81,70.224,70.543,70.827,71.053,71.349,71.645,71.901,72.122
Northern Mariana Islands,MNP,74.9,75.419,75.934,76.505,76.789,77.307,77.688,77.863,77.938,77.903,77.8,77.688,77.566,77.452,77.377,77.36,77.392,77.47,77.51,77.844,78.03,78.16,78.531,78.808
Mozambique,MOZ,49.476,50.259,50.879,51.383,51.855,52.322,52.748,53.255,53.799,54.4,55.04,55.733,56.46,57.189,57.965,58.711,59.455,60.148,60.79,61.306,61.39,60.268,63.011,63.611
Mauritania,MRT,61.044,61.662,62.249,62.805,63.369,63.92,64.493,64.885,65.233,65.485,65.661,65.754,65.808,65.89,66.207,66.498,66.823,67.088,67.419,67.64,66.794,66.762,68.281,68.484
Mauritius,MUS,71.663,71.766,71.966,72.117,72.266,72.432,72.432,72.571,72.571,72.882,72.967,73.267,73.863,74.017,74.194,74.353,74.395,74.515,74.416,74.236,74.177,73.68,73.515,73.412
Malawi,MWI,46.17,47.205,48.176,49.601,51.073,52.469,53.652,54.687,55.715,56.714,57.787,58.859,59.87,60.816,61.651,62.324,63.163,63.914,64.464,64.995,65.216,64.782,66.037,67.353
Malaysia,MYS,72.732,73.08,73.469,73.727,74.027,74.37,74.697,74.961,75.151,75.269,75.376,75.488,75.552,75.464,75.345,75.288,75.371,75.542,75.734,75.9,76.057,73.917,75.444,76.657
Namibia,NAM,52.946,51.98,51.988,51.918,52.175,52.557,53.183,54.026,54.74,55.347,56.093,56.647,57.733,58.468,59.311,60.008,60.81,61.661,62.579,63.546,64.071,60.85,64.19,67.385
New Caledonia,NCL,73.574,73.958,74.278,74.5,74.713,74.867,75.016,75.181,75.398,75.676,75.992,76.315,76.615,76.867,77.053,77.206,77.359,77.504,77.557,77.262,77.049,77.113,77.698,78.766
Niger,NER,49.172,49.872,50.645,51.545,52.402,53.32,54.223,55.063,55.852,56.487,57.08,57.6,57.987,58.364,58.693,58.85,59.228,59.524,59.765,60.031,59.89,59.542,60.398,61.183
Nigeria,NGA,47.143,47.549,48.02,48.618,49.148,49.538,49.876,50.381,50.748,51.08,51.315,51.49,51.688,51.827,51.94,51.939,52.189,52.397,52.669,53.009,53.072,53.455,54.079,54.462
Nicaragua,NIC,66.36,67.028,67.95,68.749,69.51,70.374,70.958,71.197,71.404,71.499,71.761,72.033,72.435,72.551,72.792,72.899,73.18,73.389,73.879,73.764,70.766,70.478,74.463,74.947
Netherlands,NLD,77.988,78.19,78.293,78.493,79.095,79.346,79.698,80.098,80.251,80.549,80.702,81.205,81.105,81.305,81.707,81.51,81.561,81.761,81.812,82.112,81.359,81.31,81.615,81.863
Norway,NOR,78.634,78.785,78.988,79.39,79.841,80.041,80.344,80.395,80.593,80.795,80.998,81.295,81.451,81.751,82.1,82.305,82.407,82.61,82.759,82.959,83.21,83.163,82.51,83.012
Nepal,NPL,62.642,63.288,63.507,64.229,64.744,65.275,65.891,66.169,66.442,66.6,66.772,67.123,67.364,67.598,67.812,67.374,68.444,68.74,69.036,69.299,69.106,68.385,70.087,70.354
Naoero,NRU,59.574,59.482,59.427,59.359,59.346,59.361,59.409,59.49,59.675,59.852,60.074,60.287,60.533,60.701,60.834,60.897,60.996,61.101,61.238,61.393,61.527,61.331,61.93,62.109
New Zealand,NZL,78.637,78.693,78.846,79.146,79.549,79.851,80.049,80.151,80.351,80.702,80.905,81.156,81.407,81.405,81.457,81.612,81.659,81.859,81.707,82.056,82.256,82.207,81.959,81.759
Oman,OMN,73.643,73.979,74.276,74.521,74.82,75.07,75.354,75.596,76.124,76.631,77.184,77.74,78.187,78.633,79.03,79.346,79.581,79.748,79.864,79.946,77.763,75.969,77.911,80.031
Pakistan,PAK,61.903,62.241,62.556,62.834,63.097,62.416,63.624,63.807,64.002,64.206,64.378,64.659,64.883,65.129,65.374,65.641,65.943,66.223,66.481,66.729,65.701,65.773,67.417,67.649
Panama,PAN,73.443,73.82,74.195,74.567,74.845,75.16,75.429,75.675,75.937,76.228,76.417,76.659,76.877,77.129,77.365,77.583,77.772,77.901,78.266,78.514,76.33,77.004,79.324,79.594
Peru,PER,69.821,70.315,70.815,71.278,71.447,71.988,72.337,72.746,72.743,72.631,72.886,73.327,73.979,74.591,75.26,75.732,75.951,75.958,76.018,76.275,73.832,71.596,76.834,77.74
Philippines,PHL,67.789,67.829,67.886,68.049,68.301,68.423,68.172,68.549,68.643,68.631,68.883,69.096,69.237,69.283,69.311,69.45,69.49,69.966,69.761,69.68,70.097,66.675,69.472,69.833
Palau,PLW,64.499,64.8,65.076,65.446,65.816,66.219,66.633,67.113,67.562,67.99,68.347,68.638,68.863,68.981,69.062,69.07,69.046,69.019,68.989,68.982,68.689,68.563,68.922,69.269
Papua New Guinea,PNG,61.609,61.647,61.643,61.741,61.795,61.868,62.018,62.211,62.511,62.772,63.056,63.382,63.639,63.927,64.198,64.473,64.7,64.923,65.114,65.331,65.075,64.358,65.274,66.134
Poland,POL,73.749,74.2,74.498,74.598,74.846,74.995,75.144,75.244,75.544,75.695,76.246,76.695,76.746,77,77.602,77.451,77.851,77.754,77.602,77.905,76.4,75.351,77.156,78.259
Puerto Rico (US),PRI,75.514,75.972,76.819,76.941,76.913,76.703,77.561,77.659,78.111,78.377,78.717,78.766,79.258,80.318,80.039,80.677,80.355,79.07,81.086,81.438,80.009,79.77,79.427,81.69
"Korea, Dem. People's Rep.",PRK,60.911,60.893,60.877,69.399,69.294,69.168,69.061,69.021,69.303,69.702,70.246,70.772,71.317,71.867,72.451,72.825,72.971,73.034,73.02,72.928,72.783,73.437,73.641,73.642
Portugal,PRT,76.315,76.815,77.066,77.22,77.671,78.071,78.42,78.322,78.524,78.727,79.027,80.471,80.373,80.722,81.122,81.124,81.124,81.424,81.324,81.676,81.329,81.378,81.632,82.329
Paraguay,PRY,70.026,70.281,70.539,70.795,71.054,71.317,71.584,71.817,72.047,72.282,72.551,72.787,73.105,73.292,73.415,73.454,73.487,73.45,73.627,73.668,72.72,68.108,72.319,73.844
West Bank and Gaza,PSE,70.298,69.75,70.88,70.967,71.094,72.004,71.831,72.064,72.204,72.306,73.302,73.557,73.722,74.14,72.781,74.577,74.917,75.216,75.38,75.811,74.998,73.89,76.662,65.17
French Polynesia,PYF,79,79.316,79.544,79.71,79.829,79.951,80.1,80.328,80.587,80.867,81.141,81.434,81.695,81.935,82.151,82.339,82.555,82.774,82.985,83.195,82.459,79.571,83.859,84.07
Qatar,QAT,75.25,75.486,75.766,76.097,76.484,76.909,77.323,77.741,78.262,78.837,79.444,79.994,80.499,80.974,81.395,81.785,82.147,82.458,82.714,82.945,80.409,81.083,81.857,82.368
Romania,ROU,71.163,71.161,71.01,71.31,71.561,71.912,72.163,72.566,72.566,73.31,73.459,74.41,74.412,75.063,74.91,74.912,75.21,75.21,75.359,75.607,74.254,72.81,75.154,76.405
Russian Federation,RUS,65.484,65.383,65.129,65.028,65.471,65.53,66.728,67.587,67.949,68.685,68.841,69.684,70.072,70.579,70.744,71.183,71.651,72.451,72.662,73.084,71.339,69.9,72.546,73.255
Rwanda,RWA,47.798,49.49,51.262,53.529,55.52,56.968,58.342,59.504,60.641,61.813,62.804,63.476,64.189,64.651,65.088,65.419,65.733,66.14,66.354,66.691,66.953,66.85,67.528,67.785
Saudi Arabia,SAU,72.607,72.951,73.296,73.657,74.027,74.4,74.762,75.066,75.301,75.447,75.616,75.808,76.09,76.517,77.116,77.776,78.354,78.721,78.75,78.313,77.596,77.089,77.31,78.732
Sudan,SDN,58.946,59.264,59.308,58.319,56.773,57.226,60.4,61.442,61.261,62.676,62.979,63.181,63.427,63.443,63.99,64.375,64.677,65.146,65.501,65.803,65.124,64.46,65.695,66.331
Senegal,SEN,57.615,58.158,58.912,59.474,60.308,60.98,61.801,62.653,63.201,63.751,64.221,64.799,65.229,65.638,66.001,66.451,66.724,67.059,67.379,67.668,67.496,66.868,67.788,68.683
Singapore,SGP,77.951,78.251,78.551,79.039,79.49,79.99,80.141,80.441,80.79,81.241,81.541,81.744,81.995,82.246,82.495,82.744,82.846,83.095,83.298,83.595,83.544,83.093,82.895,83.098
Solomon Islands,SLB,67.116,67.237,67.35,67.479,67.628,67.79,67.968,67.845,68.336,68.397,68.669,68.824,68.961,69.007,68.984,69.323,69.501,69.652,69.806,69.981,69.258,68.89,70.409,70.528
Sierra Leone,SLE,44.834,45.448,46.174,46.784,47.485,48.306,49.547,50.024,50.693,51.312,51.927,52.594,53.159,54.051,54.281,55.454,56.937,57.761,59.059,59.593,59.694,60.26,61.275,61.786
El Salvador,SLV,67.711,67.965,68.526,68.792,69.295,69.336,69.612,69.82,70.138,70.359,70.909,71.192,71.42,71.225,71.144,70.952,70.908,71.007,71.384,71.725,70.244,69.941,71.969,72.099
San Marino,SMR,80.504,80.803,81.061,81.33,81.592,81.926,82.258,82.605,82.894,83.224,83.464,83.713,83.943,84.175,84.394,84.596,84.775,84.933,85.095,85.257,82.65,83.539,85.708,85.706
"Somalia, Fed. Rep.",SOM,50.747,50.829,50.82,50.721,50.685,50.894,50.915,50.885,51.456,52.101,48.9,32.453,49.138,54.016,54.442,55.056,55.283,52.19,54.767,57.249,57.095,55.703,53.931,58.816
Serbia,SRB,71.583,72.234,72.285,72.437,72.683,72.834,73.385,73.632,73.885,73.985,74.337,74.537,74.837,75.185,75.337,75.288,75.688,75.539,75.89,75.937,74.478,72.78,75.237,76.141
South Sudan,SSD,47.591,48.55,49.394,52.324,53.052,53.965,54.653,55.425,56.28,56.848,57.485,57.674,58.241,58.285,45.625,39.757,36.72,35.351,51.905,58.129,57.648,57.047,57.203,57.617
Sao Tome and Principe,STP,61.207,61.5,61.826,62.158,62.56,62.434,63.041,63.336,63.448,63.669,63.867,64.122,64.505,64.93,65.478,66.023,66.563,67.074,67.602,68.043,67.979,68.026,69.237,69.718
Suriname,SUR,64.409,64.82,65.274,65.778,66.362,66.997,67.643,68.307,68.873,69.323,69.626,69.82,69.957,70.11,70.33,70.567,70.979,71.247,71.468,71.773,72.321,68.943,73.254,73.631
Slovak Republic,SVK,73.051,73.402,73.605,73.605,73.959,73.905,74.205,74.207,74.705,74.91,75.112,75.959,76.11,76.412,76.812,76.563,77.166,77.166,77.266,77.666,76.866,74.615,76.966,78.12
Slovenia,SVN,75.412,75.759,76.007,76.859,77.207,77.612,78.087,78.561,78.766,78.971,79.422,79.971,80.124,80.322,81.078,80.776,81.176,81.029,81.378,81.529,80.532,80.676,81.283,81.929
Sweden,SWE,79.644,79.795,79.846,80.095,80.498,80.546,80.749,80.9,81.1,81.351,81.451,81.802,81.705,81.956,82.254,82.205,82.307,82.41,82.559,83.11,82.356,83.056,83.059,83.31
Eswatini,SWZ,47.627,46.344,45.38,44.632,43.906,43.958,44.563,45.16,45.853,46.913,48.331,49.057,50.714,52.11,53.491,54.941,56.228,57.574,58.707,59.85,59.862,58.228,63.028,64.123
Sint Maarten (Dutch part),SXM,74.409,74.525,74.585,74.588,74.618,74.681,74.779,74.812,74.852,74.796,74.821,74.868,75.125,75.391,75.735,75.899,75.952,75.455,75.693,75.68,75.002,74.505,76.18,76.371
Seychelles,SYC,72.778,73.254,71.088,71.029,72.661,72.132,72.217,73.144,73.163,73.083,73.198,72.724,74.276,73.12,73.229,74.295,74.31,74.3,72.841,74.046,77.237,73.398,74.51,75.42
Syrian Arab Republic,SYR,70.856,71.296,71.742,72.188,72.494,72.797,73.04,73.256,73.368,73.496,73.542,72.259,66.206,65.146,65.492,63.265,65.19,65.651,67.371,70.97,71.944,72.418,72.79,72.12
Turks and Caicos Islands,TCA,73.972,74.409,74.843,75.262,75.63,75.954,76.197,76.427,76.084,76.672,76.784,76.87,76.969,77.1,77.212,77.321,77.437,77.505,77.596,77.691,77.499,77.234,77.918,78.008
Chad,TCD,47.937,48.306,48.36,48.609,48.687,48.86,48.747,49.21,49.503,49.828,50.107,50.426,50.765,51.051,51.141,51.32,51.603,51.875,52.447,52.993,53.082,53.136,54.528,55.069
Togo,TGO,54.587,54.757,55.044,55.312,55.608,55.931,56.154,56.395,56.663,56.94,57.24,57.624,57.953,58.356,58.776,59.23,59.677,60.145,60.608,61.061,61.14,61.337,62.292,62.74
Thailand,THA,71.205,71.52,71.775,72.101,72.1,72.894,73.341,73.779,74.221,74.669,75.012,75.302,75.59,75.96,76.279,76.563,76.769,76.989,77.19,77.197,77.331,77.606,75.291,76.412
Tajikistan,TJK,63.542,64.197,64.898,65.874,66.604,66.531,66.997,67.405,67.924,68.248,68.37,68.698,69.13,69.579,69.697,69.665,69.982,70.524,70.737,70.962,68.605,69.594,71.562,71.79
Turkmenistan,TKM,64.931,65.325,65.593,65.854,66.055,66.275,66.574,67.02,67.584,68.155,68.608,68.87,68.961,68.968,69.001,69.061,69.142,69.19,69.272,69.405,68.846,69.353,69.913,70.073
Timor-Leste,TLS,58.097,58.772,59.477,60.13,60.743,61.272,61.881,62.396,62.858,63.265,63.66,64.022,64.384,64.719,65.027,65.326,65.61,65.898,66.204,66.496,66.919,66.199,67.368,67.689
Tonga,TON,69.635,69.8,70.03,70.228,70.433,70.56,70.71,70.887,71.041,70.949,71.319,71.437,71.546,71.65,71.721,71.851,71.951,72.066,72.169,72.292,72.379,72.13,72.635,72.895
Trinidad and Tobago,TTO,68.629,68.874,69.232,69.454,69.879,70.185,70.437,70.797,71.117,71.404,71.809,72.232,72.513,72.785,72.898,72.882,72.935,72.984,72.658,72.836,72.645,71.111,73.331,73.49
Tunisia,TUN,72.604,72.822,73.07,73.304,73.519,73.712,73.888,74.039,74.192,74.32,74.438,74.471,74.599,74.674,74.784,74.875,75.007,75.177,75.37,75.599,75.004,72.893,76.05,76.508
Turkiye,TUR,71.931,72.271,72.605,72.906,73.223,73.51,73.804,74.129,74.38,74.679,74.964,74.823,75.552,76.171,76.452,76.539,76.595,77.037,77.454,77.737,76.525,75.722,77.591,77.156
Tuvalu,TUV,63.536,63.709,63.825,63.897,63.989,64.096,64.247,64.402,64.516,64.693,64.834,64.96,65.079,65.171,65.278,65.365,65.51,65.683,65.871,66.109,66.357,65.824,66.852,67.105
Tanzania,TZA,53.244,54.124,54.94,55.929,56.836,57.675,58.512,59.26,59.896,60.494,61.127,61.618,62.286,62.788,63.364,63.928,64.404,64.963,65.488,66.007,66.771,66.131,66.879,66.995
Uganda,UGA,49.64,50.576,51.443,52.414,53.699,54.926,56.118,57.248,58.253,59.157,59.959,60.791,61.579,62.353,63.057,63.831,64.494,65.174,65.775,66.354,66.41,66.45,67.675,68.252
Ukraine,UKR,67.786,67.675,67.699,67.638,67.472,67.517,67.49,67.715,68.262,69.159,70.188,70.711,71.09,71.474,71.803,72.686,73.389,73.993,73.569,73.92,73.283,71.631,72.658,73.422
Uruguay,URY,74.693,74.987,74.979,75.086,75.319,75.829,75.888,76.15,76.275,76.67,76.691,76.614,76.691,76.953,77.194,77.285,77.351,77.618,77.527,77.503,78.381,75.434,76.468,78.138
United States,USA,76.637,76.837,76.937,77.037,77.488,77.488,77.688,77.988,78.039,78.39,78.541,78.641,78.741,78.741,78.841,78.69,78.539,78.539,78.639,78.788,76.98,76.329,77.434,78.385
Uzbekistan,UZB,65.456,65.853,66.376,66.852,67.203,67.481,67.905,68.483,69.035,69.517,69.836,70.143,70.411,70.692,70.973,71.33,71.58,71.737,71.999,72.093,71.461,71.681,72.147,72.388
St. Vincent and the Grenadines,VCT,70.35,70.382,70.658,70.43,70.445,70.454,70.434,70.446,70.611,70.712,70.66,70.609,70.539,70.091,70.355,70.463,70.7,71.013,71.017,70.994,69.605,69.132,71.191,71.23
"Venezuela, RB",VEN,72.388,71.019,72.823,72.056,72.752,73.075,72.972,73.348,72.578,72.785,73.092,73.09,73.086,73.076,72.837,73.004,72.002,71.903,72.641,72.766,72.369,71.536,72.566,72.514
British Virgin Islands,VGB,74.753,74.831,74.971,75.183,75.404,75.569,75.745,75.893,76.07,76.205,76.289,76.363,76.433,76.472,76.527,76.558,76.624,75.67,76.728,76.845,76.894,75.297,77.177,77.276
Virgin Islands (U.S.),VIR,76.62,77.622,77.522,77.522,77.773,77.422,78.324,76.863,77.163,77.515,77.866,78.317,78.517,78.717,78.868,79.017,79.168,79.368,79.52,79.668,79.82,80.068,80.32,80.52
Viet Nam,VNM,72.746,72.984,73.138,73.236,73.062,73.198,73.293,73.385,73.455,73.525,73.611,73.713,73.762,73.821,73.886,73.955,73.984,74.026,74.1,74.211,75.383,74.145,74.502,74.588
Vanuatu,VUT,68.586,68.722,68.836,68.933,68.985,69.166,69.126,69.144,69.302,69.422,69.57,69.729,69.898,69.986,70.043,70.163,70.397,70.5,70.626,70.783,70.385,69.952,71.302,71.477
Samoa,WSM,70.791,71.028,71.233,71.441,71.508,71.487,71.62,71.605,71.531,69.486,71.451,71.393,71.159,71.229,71.142,71.06,71.003,70.991,71.052,70.269,70.727,71.096,71.55,71.698
Kosovo,XKX,71.321,71.782,72.227,72.678,73.132,73.437,73.63,74.422,74.711,74.79,74.609,75.323,75.75,76.336,76.179,76.024,76.748,77.105,77.117,77.249,74.212,74.981,77.623,78.033
"Yemen, Rep.",YEM,62.761,63.286,63.807,64.407,64.881,65.356,65.8,66.23,66.609,66.905,67.223,67.412,67.569,67.961,68.003,66.761,67.105,67.12,65.915,66.567,66.435,66.019,67.952,69.295
South Africa,ZAF,58.368,57.161,55.58,54.245,53.963,53.914,54.22,54.948,55.982,57.413,58.886,60.602,61.737,62.388,63.184,64.053,64.749,65.422,65.726,66.071,65.15,62.01,65.454,66.139
Zambia,ZMB,46.577,47.408,48.461,49.616,50.54,51.615,52.693,53.73,54.835,55.886,56.896,57.843,58.704,59.445,60.109,60.728,61.129,61.564,62.138,62.914,63.361,62.363,65.279,66.349
Zimbabwe,ZWE,46.034,44.525,45.938,45.373,46.043,46.57,47.056,47.576,48.456,49.75,51.925,53.911,55.386,56.842,58.106,58.989,59.76,60.263,60.906,61.06,61.53,60.135,62.36,62.775
